3,2,0.792572,0.0364932,7.10291
3,3,2.91418,0.134664,2.83087
3,4,12.8729,0.644947,-1
3,5,44.5296,3.08884,-1
3,6,82.9696,6.69807,-1
3,7,154.593,13.8805,-1
3,8,288.044,28.7648,-1
3,9,536.698,59.6096,-1
3,10,1000,123.53,-1
3,11,1863.25,255.993,-1
3,12,3471.69,530.498,-1
3.02,2,0.792572,0.0364932,7.10291
3.02,3,2.91418,0.134664,2.83087
3.02,4,12.8729,0.644947,-1
3.02,5,44.5296,3.08884,-1
3.02,6,82.9696,6.69807,-1
3.02,7,154.593,13.8805,-1
3.02,8,288.044,28.7648,-1
3.02,9,536.698,59.6096,-1
3.02,10,1000,123.53,-1
3.02,11,1863.25,255.993,-1
3.02,12,3471.69,530.498,-1
3.04,2,0.792572,0.0364932,7.7132
3.04,3,2.91418,0.134664,2.83087
3.04,4,12.8729,0.644947,-1
3.04,5,44.5296,3.08884,-1
3.04,6,82.9696,6.69807,-1
3.04,7,154.593,13.8805,-1
3.04,8,288.044,28.7648,-1
3.04,9,536.698,59.6096,-1
3.04,10,1000,123.53,-1
3.04,11,1863.25,255.993,-1
3.04,12,3471.69,530.498,-1
3.06,2,0.792572,0.0364932,7.7132
3.06,3,2.91418,0.134664,2.83087
3.06,4,12.8729,0.644947,-1
3.06,5,44.5296,3.08884,-1
3.06,6,82.9696,6.69807,-1
3.06,7,154.593,13.8805,-1
3.06,8,288.044,28.7648,-1
3.06,9,536.698,59.6096,-1
3.06,10,1000,123.53,-1
3.06,11,1863.25,255.993,-1
3.06,12,3471.69,530.498,-1
3.08,2,0.792572,0.0364932,7.7132
3.08,3,2.91418,0.134664,2.83087
3.08,4,12.8729,0.644947,-1
3.08,5,44.5296,3.08884,-1
3.08,6,82.9696,6.69807,-1
3.08,7,154.593,13.8805,-1
3.08,8,288.044,28.7648,-1
3.08,9,536.698,59.6096,-1
3.08,10,1000,123.53,-1
3.08,11,1863.25,255.993,-1
3.08,12,3471.69,530.498,-1
3.1,2,0.792572,0.0364932,8.32349
3.1,3,2.91418,0.134664,2.83087
3.1,4,12.8729,0.644947,-1
3.1,5,44.5296,3.08884,-1
3.1,6,82.9696,6.69807,-1
3.1,7,154.593,13.8805,-1
3.1,8,288.044,28.7648,-1
3.1,9,536.698,59.6096,-1
3.1,10,1000,123.53,-1
3.1,11,1863.25,255.993,-1
3.1,12,3471.69,530.498,-1
3.12,2,0.792572,0.0364932,8.93378
3.12,3,2.91418,0.134664,2.83087
3.12,4,12.8729,0.644947,-1
3.12,5,44.5296,3.08884,-1
3.12,6,82.9696,6.69807,-1
3.12,7,154.593,13.8805,-1
3.12,8,288.044,28.7648,-1
3.12,9,536.698,59.6096,-1
3.12,10,1000,123.53,-1
3.12,11,1863.25,255.993,-1
3.12,12,3471.69,530.498,-1
3.14,2,0.792572,0.0364932,8.93378
3.14,3,2.91418,0.134664,2.83087
3.14,4,12.8729,0.644947,-1
3.14,5,44.5296,3.08884,-1
3.14,6,82.9696,6.69807,-1
3.14,7,154.593,13.8805,-1
3.14,8,288.044,28.7648,-1
3.14,9,536.698,59.6096,-1
3.14,10,1000,123.53,-1
3.14,11,1863.25,255.993,-1
3.14,12,3471.69,530.498,-1
3.16,2,0.792572,0.0364932,8.93378
3.16,3,2.91418,0.134664,2.83087
3.16,4,12.8729,0.644947,-1
3.16,5,44.5296,3.08884,-1
3.16,6,82.9696,6.69807,-1
3.16,7,154.593,13.8805,-1
3.16,8,288.044,28.7648,-1
3.16,9,536.698,59.6096,-1
3.16,10,1000,123.53,-1
3.16,11,1863.25,255.993,-1
3.16,12,3471.69,530.498,-1
3.18,2,0.792572,0.0364932,8.93378
3.18,3,2.91418,0.134664,3.44116
3.18,4,12.8729,0.644947,-1
3.18,5,44.5296,3.08884,-1
3.18,6,82.9696,6.69807,-1
3.18,7,154.593,13.8805,-1
3.18,8,288.044,28.7648,-1
3.18,9,536.698,59.6096,-1
3.18,10,1000,123.53,-1
3.18,11,1863.25,255.993,-1
3.18,12,3471.69,530.498,-1
3.2,2,0.792572,0.0364932,10.1544
3.2,3,2.91418,0.134664,3.44116
3.2,4,12.8729,0.644947,-1
3.2,5,44.5296,3.08884,-1
3.2,6,82.9696,6.69807,-1
3.2,7,154.593,13.8805,-1
3.2,8,288.044,28.7648,-1
3.2,9,536.698,59.6096,-1
3.2,10,1000,123.53,-1
3.2,11,1863.25,255.993,-1
3.2,12,3471.69,530.498,-1
3.22,2,0.792572,0.0364932,10.1544
3.22,3,2.91418,0.134664,4.05145
3.22,4,12.8729,0.644947,-1
3.22,5,44.5296,3.08884,-1
3.22,6,82.9696,6.69807,-1
3.22,7,154.593,13.8805,-1
3.22,8,288.044,28.7648,-1
3.22,9,536.698,59.6096,-1
3.22,10,1000,123.53,-1
3.22,11,1863.25,255.993,-1
3.22,12,3471.69,530.498,-1
3.24,2,0.792572,0.0364932,10.1544
3.24,3,2.91418,0.134664,4.05145
3.24,4,12.8729,0.644947,-1
3.24,5,44.5296,3.08884,-1
3.24,6,82.9696,6.69807,-1
3.24,7,154.593,13.8805,-1
3.24,8,288.044,28.7648,-1
3.24,9,536.698,59.6096,-1
3.24,10,1000,123.53,-1
3.24,11,1863.25,255.993,-1
3.24,12,3471.69,530.498,-1
3.26,2,0.792572,0.0364932,10.1544
3.26,3,2.91418,0.134664,4.05145
3.26,4,12.8729,0.644947,-1
3.26,5,44.5296,3.08884,-1
3.26,6,82.9696,6.69807,-1
3.26,7,154.593,13.8805,-1
3.26,8,288.044,28.7648,-1
3.26,9,536.698,59.6096,-1
3.26,10,1000,123.53,-1
3.26,11,1863.25,255.993,-1
3.26,12,3471.69,530.498,-1
3.28,2,0.792572,0.0364932,10.7646
3.28,3,2.91418,0.134664,4.05145
3.28,4,12.8729,0.644947,-1
3.28,5,44.5296,3.08884,-1
3.28,6,82.9696,6.69807,-1
3.28,7,154.593,13.8805,-1
3.28,8,288.044,28.7648,-1
3.28,9,536.698,59.6096,-1
3.28,10,1000,123.53,-1
3.28,11,1863.25,255.993,-1
3.28,12,3471.69,530.498,-1
3.3,2,0.792572,0.0364932,11.3749
3.3,3,2.91418,0.134664,4.05145
3.3,4,12.8729,0.644947,-1
3.3,5,44.5296,3.08884,-1
3.3,6,82.9696,6.69807,-1
3.3,7,154.593,13.8805,-1
3.3,8,288.044,28.7648,-1
3.3,9,536.698,59.6096,-1
3.3,10,1000,123.53,-1
3.3,11,1863.25,255.993,-1
3.3,12,3471.69,530.498,-1
3.32,2,0.792572,0.0364932,11.3749
3.32,3,2.91418,0.134664,4.66174
3.32,4,12.8729,0.644947,-1
3.32,5,44.5296,3.08884,-1
3.32,6,82.9696,6.69807,-1
3.32,7,154.593,13.8805,-1
3.32,8,288.044,28.7648,-1
3.32,9,536.698,59.6096,-1
3.32,10,1000,123.53,-1
3.32,11,1863.25,255.993,-1
3.32,12,3471.69,530.498,-1
3.34,2,0.792572,0.0364932,11.9852
3.34,3,2.91418,0.134664,4.66174
3.34,4,12.8729,0.644947,-1
3.34,5,44.5296,3.08884,-1
3.34,6,82.9696,6.69807,-1
3.34,7,154.593,13.8805,-1
3.34,8,288.044,28.7648,-1
3.34,9,536.698,59.6096,-1
3.34,10,1000,123.53,-1
3.34,11,1863.25,255.993,-1
3.34,12,3471.69,530.498,-1
3.36,2,0.792572,0.0364932,11.9852
3.36,3,2.91418,0.134664,4.66174
3.36,4,12.8729,0.644947,-1
3.36,5,44.5296,3.08884,-1
3.36,6,82.9696,6.69807,-1
3.36,7,154.593,13.8805,-1
3.36,8,288.044,28.7648,-1
3.36,9,536.698,59.6096,-1
3.36,10,1000,123.53,-1
3.36,11,1863.25,255.993,-1
3.36,12,3471.69,530.498,-1
3.38,2,0.792572,0.0364932,12.5955
3.38,3,2.91418,0.134664,5.27203
3.38,4,12.8729,0.644947,-1
3.38,5,44.5296,3.08884,-1
3.38,6,82.9696,6.69807,-1
3.38,7,154.593,13.8805,-1
3.38,8,288.044,28.7648,-1
3.38,9,536.698,59.6096,-1
3.38,10,1000,123.53,-1
3.38,11,1863.25,255.993,-1
3.38,12,3471.69,530.498,-1
3.4,2,0.792572,0.0364932,13.2058
3.4,3,2.91418,0.134664,5.27203
3.4,4,12.8729,0.644947,-1
3.4,5,44.5296,3.08884,-1
3.4,6,82.9696,6.69807,-1
3.4,7,154.593,13.8805,-1
3.4,8,288.044,28.7648,-1
3.4,9,536.698,59.6096,-1
3.4,10,1000,123.53,-1
3.4,11,1863.25,255.993,-1
3.4,12,3471.69,530.498,-1
3.42,2,0.792572,0.0364932,13.2058
3.42,3,2.91418,0.134664,5.27203
3.42,4,12.8729,0.644947,-1
3.42,5,44.5296,3.08884,-1
3.42,6,82.9696,6.69807,-1
3.42,7,154.593,13.8805,-1
3.42,8,288.044,28.7648,-1
3.42,9,536.698,59.6096,-1
3.42,10,1000,123.53,-1
3.42,11,1863.25,255.993,-1
3.42,12,3471.69,530.498,-1
3.44,2,0.792572,0.0364932,13.2058
3.44,3,2.91418,0.134664,5.27203
3.44,4,12.8729,0.644947,-1
3.44,5,44.5296,3.08884,-1
3.44,6,82.9696,6.69807,-1
3.44,7,154.593,13.8805,-1
3.44,8,288.044,28.7648,-1
3.44,9,536.698,59.6096,-1
3.44,10,1000,123.53,-1
3.44,11,1863.25,255.993,-1
3.44,12,3471.69,530.498,-1
3.46,2,0.792572,0.0364932,14.4264
3.46,3,2.91418,0.134664,5.88232
3.46,4,12.8729,0.644947,-1
3.46,5,44.5296,3.08884,-1
3.46,6,82.9696,6.69807,-1
3.46,7,154.593,13.8805,-1
3.46,8,288.044,28.7648,-1
3.46,9,536.698,59.6096,-1
3.46,10,1000,123.53,-1
3.46,11,1863.25,255.993,-1
3.46,12,3471.69,530.498,-1
3.48,2,0.792572,0.0364932,14.4264
3.48,3,2.91418,0.134664,5.88232
3.48,4,12.8729,0.644947,-1
3.48,5,44.5296,3.08884,-1
3.48,6,82.9696,6.69807,-1
3.48,7,154.593,13.8805,-1
3.48,8,288.044,28.7648,-1
3.48,9,536.698,59.6096,-1
3.48,10,1000,123.53,-1
3.48,11,1863.25,255.993,-1
3.48,12,3471.69,530.498,-1
3.5,2,0.792572,0.0364932,14.4264
3.5,3,2.91418,0.134664,5.88232
3.5,4,12.8729,0.644947,-1
3.5,5,44.5296,3.08884,-1
3.5,6,82.9696,6.69807,-1
3.5,7,154.593,13.8805,-1
3.5,8,288.044,28.7648,-1
3.5,9,536.698,59.6096,-1
3.5,10,1000,123.53,-1
3.5,11,1863.25,255.993,-1
3.5,12,3471.69,530.498,-1
3.52,2,0.792572,0.0364932,15.647
3.52,3,2.91418,0.134664,6.49261
3.52,4,12.8729,0.644947,-1
3.52,5,44.5296,3.08884,-1
3.52,6,82.9696,6.69807,-1
3.52,7,154.593,13.8805,-1
3.52,8,288.044,28.7648,-1
3.52,9,536.698,59.6096,-1
3.52,10,1000,123.53,-1
3.52,11,1863.25,255.993,-1
3.52,12,3471.69,530.498,-1
3.54,2,0.792572,0.0364932,15.647
3.54,3,2.91418,0.134664,6.49261
3.54,4,12.8729,0.644947,-1
3.54,5,44.5296,3.08884,-1
3.54,6,82.9696,6.69807,-1
3.54,7,154.593,13.8805,-1
3.54,8,288.044,28.7648,-1
3.54,9,536.698,59.6096,-1
3.54,10,1000,123.53,-1
3.54,11,1863.25,255.993,-1
3.54,12,3471.69,530.498,-1
3.56,2,0.792572,0.0364932,16.2573
3.56,3,2.91418,0.134664,7.10291
3.56,4,12.8729,0.644947,-1
3.56,5,44.5296,3.08884,-1
3.56,6,82.9696,6.69807,-1
3.56,7,154.593,13.8805,-1
3.56,8,288.044,28.7648,-1
3.56,9,536.698,59.6096,-1
3.56,10,1000,123.53,-1
3.56,11,1863.25,255.993,-1
3.56,12,3471.69,530.498,-1
3.58,2,0.792572,0.0364932,16.8676
3.58,3,2.91418,0.134664,7.10291
3.58,4,12.8729,0.644947,-1
3.58,5,44.5296,3.08884,-1
3.58,6,82.9696,6.69807,-1
3.58,7,154.593,13.8805,-1
3.58,8,288.044,28.7648,-1
3.58,9,536.698,59.6096,-1
3.58,10,1000,123.53,-1
3.58,11,1863.25,255.993,-1
3.58,12,3471.69,530.498,-1
3.6,2,0.792572,0.0364932,17.4778
3.6,3,2.91418,0.134664,7.10291
3.6,4,12.8729,0.644947,-1
3.6,5,44.5296,3.08884,-1
3.6,6,82.9696,6.69807,-1
3.6,7,154.593,13.8805,-1
3.6,8,288.044,28.7648,-1
3.6,9,536.698,59.6096,-1
3.6,10,1000,123.53,-1
3.6,11,1863.25,255.993,-1
3.6,12,3471.69,530.498,-1
3.62,2,0.792572,0.0364932,17.4778
3.62,3,2.91418,0.134664,7.10291
3.62,4,12.8729,0.644947,2.22058
3.62,5,44.5296,3.08884,-1
3.62,6,82.9696,6.69807,-1
3.62,7,154.593,13.8805,-1
3.62,8,288.044,28.7648,-1
3.62,9,536.698,59.6096,-1
3.62,10,1000,123.53,-1
3.62,11,1863.25,255.993,-1
3.62,12,3471.69,530.498,-1
3.64,2,0.792572,0.0364932,18.6984
3.64,3,2.91418,0.134664,7.7132
3.64,4,12.8729,0.644947,2.22058
3.64,5,44.5296,3.08884,-1
3.64,6,82.9696,6.69807,-1
3.64,7,154.593,13.8805,-1
3.64,8,288.044,28.7648,-1
3.64,9,536.698,59.6096,-1
3.64,10,1000,123.53,-1
3.64,11,1863.25,255.993,-1
3.64,12,3471.69,530.498,-1
3.66,2,0.792572,0.0364932,18.6984
3.66,3,2.91418,0.134664,8.32349
3.66,4,12.8729,0.644947,2.22058
3.66,5,44.5296,3.08884,-1
3.66,6,82.9696,6.69807,-1
3.66,7,154.593,13.8805,-1
3.66,8,288.044,28.7648,-1
3.66,9,536.698,59.6096,-1
3.66,10,1000,123.53,-1
3.66,11,1863.25,255.993,-1
3.66,12,3471.69,530.498,-1
3.68,2,0.792572,0.0364932,19.919
3.68,3,2.91418,0.134664,8.32349
3.68,4,12.8729,0.644947,2.22058
3.68,5,44.5296,3.08884,-1
3.68,6,82.9696,6.69807,-1
3.68,7,154.593,13.8805,-1
3.68,8,288.044,28.7648,-1
3.68,9,536.698,59.6096,-1
3.68,10,1000,123.53,-1
3.68,11,1863.25,255.993,-1
3.68,12,3471.69,530.498,-1
3.7,2,0.792572,0.0364932,19.919
3.7,3,2.91418,0.134664,8.32349
3.7,4,12.8729,0.644947,2.22058
3.7,5,44.5296,3.08884,-1
3.7,6,82.9696,6.69807,-1
3.7,7,154.593,13.8805,-1
3.7,8,288.044,28.7648,-1
3.7,9,536.698,59.6096,-1
3.7,10,1000,123.53,-1
3.7,11,1863.25,255.993,-1
3.7,12,3471.69,530.498,-1
3.72,2,0.792572,0.0364932,21.1396
3.72,3,2.91418,0.134664,8.32349
3.72,4,12.8729,0.644947,2.22058
3.72,5,44.5296,3.08884,-1
3.72,6,82.9696,6.69807,-1
3.72,7,154.593,13.8805,-1
3.72,8,288.044,28.7648,-1
3.72,9,536.698,59.6096,-1
3.72,10,1000,123.53,-1
3.72,11,1863.25,255.993,-1
3.72,12,3471.69,530.498,-1
3.74,2,0.792572,0.0364932,21.1396
3.74,3,2.91418,0.134664,9.54407
3.74,4,12.8729,0.644947,2.22058
3.74,5,44.5296,3.08884,-1
3.74,6,82.9696,6.69807,-1
3.74,7,154.593,13.8805,-1
3.74,8,288.044,28.7648,-1
3.74,9,536.698,59.6096,-1
3.74,10,1000,123.53,-1
3.74,11,1863.25,255.993,-1
3.74,12,3471.69,530.498,-1
3.76,2,0.792572,0.0364932,22.3602
3.76,3,2.91418,0.134664,9.54407
3.76,4,12.8729,0.644947,2.22058
3.76,5,44.5296,3.08884,-1
3.76,6,82.9696,6.69807,-1
3.76,7,154.593,13.8805,-1
3.76,8,288.044,28.7648,-1
3.76,9,536.698,59.6096,-1
3.76,10,1000,123.53,-1
3.76,11,1863.25,255.993,-1
3.76,12,3471.69,530.498,-1
3.78,2,0.792572,0.0364932,22.3602
3.78,3,2.91418,0.134664,9.54407
3.78,4,12.8729,0.644947,2.22058
3.78,5,44.5296,3.08884,-1
3.78,6,82.9696,6.69807,-1
3.78,7,154.593,13.8805,-1
3.78,8,288.044,28.7648,-1
3.78,9,536.698,59.6096,-1
3.78,10,1000,123.53,-1
3.78,11,1863.25,255.993,-1
3.78,12,3471.69,530.498,-1
3.8,2,0.792572,0.0364932,23.5807
3.8,3,2.91418,0.134664,10.1544
3.8,4,12.8729,0.644947,2.22058
3.8,5,44.5296,3.08884,-1
3.8,6,82.9696,6.69807,-1
3.8,7,154.593,13.8805,-1
3.8,8,288.044,28.7648,-1
3.8,9,536.698,59.6096,-1
3.8,10,1000,123.53,-1
3.8,11,1863.25,255.993,-1
3.8,12,3471.69,530.498,-1
3.82,2,0.792572,0.0364932,24.191
3.82,3,2.91418,0.134664,10.7646
3.82,4,12.8729,0.644947,2.83087
3.82,5,44.5296,3.08884,-1
3.82,6,82.9696,6.69807,-1
3.82,7,154.593,13.8805,-1
3.82,8,288.044,28.7648,-1
3.82,9,536.698,59.6096,-1
3.82,10,1000,123.53,-1
3.82,11,1863.25,255.993,-1
3.82,12,3471.69,530.498,-1
3.84,2,0.792572,0.0364932,24.8013
3.84,3,2.91418,0.134664,10.7646
3.84,4,12.8729,0.644947,2.83087
3.84,5,44.5296,3.08884,-1
3.84,6,82.9696,6.69807,-1
3.84,7,154.593,13.8805,-1
3.84,8,288.044,28.7648,-1
3.84,9,536.698,59.6096,-1
3.84,10,1000,123.53,-1
3.84,11,1863.25,255.993,-1
3.84,12,3471.69,530.498,-1
3.86,2,0.792572,0.0364932,25.4116
3.86,3,2.91418,0.134664,10.7646
3.86,4,12.8729,0.644947,2.83087
3.86,5,44.5296,3.08884,-1
3.86,6,82.9696,6.69807,-1
3.86,7,154.593,13.8805,-1
3.86,8,288.044,28.7648,-1
3.86,9,536.698,59.6096,-1
3.86,10,1000,123.53,-1
3.86,11,1863.25,255.993,-1
3.86,12,3471.69,530.498,-1
3.88,2,0.792572,0.0364932,26.6322
3.88,3,2.91418,0.134664,11.3749
3.88,4,12.8729,0.644947,2.83087
3.88,5,44.5296,3.08884,-1
3.88,6,82.9696,6.69807,-1
3.88,7,154.593,13.8805,-1
3.88,8,288.044,28.7648,-1
3.88,9,536.698,59.6096,-1
3.88,10,1000,123.53,-1
3.88,11,1863.25,255.993,-1
3.88,12,3471.69,530.498,-1
3.9,2,0.792572,0.0364932,26.6322
3.9,3,2.91418,0.134664,11.9852
3.9,4,12.8729,0.644947,2.83087
3.9,5,44.5296,3.08884,-1
3.9,6,82.9696,6.69807,-1
3.9,7,154.593,13.8805,-1
3.9,8,288.044,28.7648,-1
3.9,9,536.698,59.6096,-1
3.9,10,1000,123.53,-1
3.9,11,1863.25,255.993,-1
3.9,12,3471.69,530.498,-1
3.92,2,0.792572,0.0364932,27.8528
3.92,3,2.91418,0.134664,11.9852
3.92,4,12.8729,0.644947,2.83087
3.92,5,44.5296,3.08884,-1
3.92,6,82.9696,6.69807,-1
3.92,7,154.593,13.8805,-1
3.92,8,288.044,28.7648,-1
3.92,9,536.698,59.6096,-1
3.92,10,1000,123.53,-1
3.92,11,1863.25,255.993,-1
3.92,12,3471.69,530.498,-1
3.94,2,0.792572,0.0364932,29.0734
3.94,3,2.91418,0.134664,12.5955
3.94,4,12.8729,0.644947,3.44116
3.94,5,44.5296,3.08884,-1
3.94,6,82.9696,6.69807,-1
3.94,7,154.593,13.8805,-1
3.94,8,288.044,28.7648,-1
3.94,9,536.698,59.6096,-1
3.94,10,1000,123.53,-1
3.94,11,1863.25,255.993,-1
3.94,12,3471.69,530.498,-1
3.96,2,0.792572,0.0364932,29.0734
3.96,3,2.91418,0.134664,12.5955
3.96,4,12.8729,0.644947,3.44116
3.96,5,44.5296,3.08884,-1
3.96,6,82.9696,6.69807,-1
3.96,7,154.593,13.8805,-1
3.96,8,288.044,28.7648,-1
3.96,9,536.698,59.6096,-1
3.96,10,1000,123.53,-1
3.96,11,1863.25,255.993,-1
3.96,12,3471.69,530.498,-1
3.98,2,0.792572,0.0364932,30.2939
3.98,3,2.91418,0.134664,13.8161
3.98,4,12.8729,0.644947,3.44116
3.98,5,44.5296,3.08884,-1
3.98,6,82.9696,6.69807,-1
3.98,7,154.593,13.8805,-1
3.98,8,288.044,28.7648,-1
3.98,9,536.698,59.6096,-1
3.98,10,1000,123.53,-1
3.98,11,1863.25,255.993,-1
3.98,12,3471.69,530.498,-1
4,2,0.792572,0.0364932,31.5145
4,3,2.91418,0.134664,13.8161
4,4,12.8729,0.644947,4.05145
4,5,44.5296,3.08884,-1
4,6,82.9696,6.69807,-1
4,7,154.593,13.8805,-1
4,8,288.044,28.7648,-1
4,9,536.698,59.6096,-1
4,10,1000,123.53,-1
4,11,1863.25,255.993,-1
4,12,3471.69,530.498,-1
4.02,2,0.792572,0.0364932,32.7351
4.02,3,2.91418,0.134664,13.8161
4.02,4,12.8729,0.644947,4.05145
4.02,5,44.5296,3.08884,-1
4.02,6,82.9696,6.69807,-1
4.02,7,154.593,13.8805,-1
4.02,8,288.044,28.7648,-1
4.02,9,536.698,59.6096,-1
4.02,10,1000,123.53,-1
4.02,11,1863.25,255.993,-1
4.02,12,3471.69,530.498,-1
4.04,2,0.792572,0.0364932,33.3454
4.04,3,2.91418,0.134664,15.0367
4.04,4,12.8729,0.644947,4.05145
4.04,5,44.5296,3.08884,-1
4.04,6,82.9696,6.69807,-1
4.04,7,154.593,13.8805,-1
4.04,8,288.044,28.7648,-1
4.04,9,536.698,59.6096,-1
4.04,10,1000,123.53,-1
4.04,11,1863.25,255.993,-1
4.04,12,3471.69,530.498,-1
4.06,2,0.792572,0.0364932,34.566
4.06,3,2.91418,0.134664,15.0367
4.06,4,12.8729,0.644947,4.05145
4.06,5,44.5296,3.08884,-1
4.06,6,82.9696,6.69807,-1
4.06,7,154.593,13.8805,-1
4.06,8,288.044,28.7648,-1
4.06,9,536.698,59.6096,-1
4.06,10,1000,123.53,-1
4.06,11,1863.25,255.993,-1
4.06,12,3471.69,530.498,-1
4.08,2,0.792572,0.0364932,35.7866
4.08,3,2.91418,0.134664,16.2573
4.08,4,12.8729,0.644947,4.05145
4.08,5,44.5296,3.08884,-1
4.08,6,82.9696,6.69807,-1
4.08,7,154.593,13.8805,-1
4.08,8,288.044,28.7648,-1
4.08,9,536.698,59.6096,-1
4.08,10,1000,123.53,-1
4.08,11,1863.25,255.993,-1
4.08,12,3471.69,530.498,-1
4.1,2,0.792572,0.0364932,36.3969
4.1,3,2.91418,0.134664,16.2573
4.1,4,12.8729,0.644947,4.66174
4.1,5,44.5296,3.08884,-1
4.1,6,82.9696,6.69807,-1
4.1,7,154.593,13.8805,-1
4.1,8,288.044,28.7648,-1
4.1,9,536.698,59.6096,-1
4.1,10,1000,123.53,-1
4.1,11,1863.25,255.993,-1
4.1,12,3471.69,530.498,-1
4.12,2,0.792572,0.0364932,37.6174
4.12,3,2.91418,0.134664,16.8676
4.12,4,12.8729,0.644947,5.27203
4.12,5,44.5296,3.08884,-1
4.12,6,82.9696,6.69807,-1
4.12,7,154.593,13.8805,-1
4.12,8,288.044,28.7648,-1
4.12,9,536.698,59.6096,-1
4.12,10,1000,123.53,-1
4.12,11,1863.25,255.993,-1
4.12,12,3471.69,530.498,-1
4.14,2,0.792572,0.0364932,38.838
4.14,3,2.91418,0.134664,17.4778
4.14,4,12.8729,0.644947,5.27203
4.14,5,44.5296,3.08884,-1
4.14,6,82.9696,6.69807,-1
4.14,7,154.593,13.8805,-1
4.14,8,288.044,28.7648,-1
4.14,9,536.698,59.6096,-1
4.14,10,1000,123.53,-1
4.14,11,1863.25,255.993,-1
4.14,12,3471.69,530.498,-1
4.16,2,0.792572,0.0364932,40.0586
4.16,3,2.91418,0.134664,18.0881
4.16,4,12.8729,0.644947,5.27203
4.16,5,44.5296,3.08884,-1
4.16,6,82.9696,6.69807,-1
4.16,7,154.593,13.8805,-1
4.16,8,288.044,28.7648,-1
4.16,9,536.698,59.6096,-1
4.16,10,1000,123.53,-1
4.16,11,1863.25,255.993,-1
4.16,12,3471.69,530.498,-1
4.18,2,0.792572,0.0364932,41.2792
4.18,3,2.91418,0.134664,18.6984
4.18,4,12.8729,0.644947,5.27203
4.18,5,44.5296,3.08884,-1
4.18,6,82.9696,6.69807,-1
4.18,7,154.593,13.8805,-1
4.18,8,288.044,28.7648,-1
4.18,9,536.698,59.6096,-1
4.18,10,1000,123.53,-1
4.18,11,1863.25,255.993,-1
4.18,12,3471.69,530.498,-1
4.2,2,0.792572,0.0364932,43.11
4.2,3,2.91418,0.134664,19.3087
4.2,4,12.8729,0.644947,5.27203
4.2,5,44.5296,3.08884,-1
4.2,6,82.9696,6.69807,-1
4.2,7,154.593,13.8805,-1
4.2,8,288.044,28.7648,-1
4.2,9,536.698,59.6096,-1
4.2,10,1000,123.53,-1
4.2,11,1863.25,255.993,-1
4.2,12,3471.69,530.498,-1
4.22,2,0.792572,0.0364932,44.3306
4.22,3,2.91418,0.134664,19.919
4.22,4,12.8729,0.644947,5.88232
4.22,5,44.5296,3.08884,-1
4.22,6,82.9696,6.69807,-1
4.22,7,154.593,13.8805,-1
4.22,8,288.044,28.7648,-1
4.22,9,536.698,59.6096,-1
4.22,10,1000,123.53,-1
4.22,11,1863.25,255.993,-1
4.22,12,3471.69,530.498,-1
4.24,2,0.792572,0.0364932,45.5512
4.24,3,2.91418,0.134664,20.5293
4.24,4,12.8729,0.644947,6.49261
4.24,5,44.5296,3.08884,-1
4.24,6,82.9696,6.69807,-1
4.24,7,154.593,13.8805,-1
4.24,8,288.044,28.7648,-1
4.24,9,536.698,59.6096,-1
4.24,10,1000,123.53,-1
4.24,11,1863.25,255.993,-1
4.24,12,3471.69,530.498,-1
4.26,2,0.792572,0.0364932,47.3821
4.26,3,2.91418,0.134664,21.1396
4.26,4,12.8729,0.644947,6.49261
4.26,5,44.5296,3.08884,-1
4.26,6,82.9696,6.69807,-1
4.26,7,154.593,13.8805,-1
4.26,8,288.044,28.7648,-1
4.26,9,536.698,59.6096,-1
4.26,10,1000,123.53,-1
4.26,11,1863.25,255.993,-1
4.26,12,3471.69,530.498,-1
4.28,2,0.792572,0.0364932,48.6027
4.28,3,2.91418,0.134664,21.7499
4.28,4,12.8729,0.644947,6.49261
4.28,5,44.5296,3.08884,-1
4.28,6,82.9696,6.69807,-1
4.28,7,154.593,13.8805,-1
4.28,8,288.044,28.7648,-1
4.28,9,536.698,59.6096,-1
4.28,10,1000,123.53,-1
4.28,11,1863.25,255.993,-1
4.28,12,3471.69,530.498,-1
4.3,2,0.792572,0.0364932,49.8232
4.3,3,2.91418,0.134664,22.9705
4.3,4,12.8729,0.644947,6.49261
4.3,5,44.5296,3.08884,-1
4.3,6,82.9696,6.69807,-1
4.3,7,154.593,13.8805,-1
4.3,8,288.044,28.7648,-1
4.3,9,536.698,59.6096,-1
4.3,10,1000,123.53,-1
4.3,11,1863.25,255.993,-1
4.3,12,3471.69,530.498,-1
4.32,2,0.792572,0.0364932,52.2644
4.32,3,2.91418,0.134664,22.9705
4.32,4,12.8729,0.644947,6.49261
4.32,5,44.5296,3.08884,-1
4.32,6,82.9696,6.69807,-1
4.32,7,154.593,13.8805,-1
4.32,8,288.044,28.7648,-1
4.32,9,536.698,59.6096,-1
4.32,10,1000,123.53,-1
4.32,11,1863.25,255.993,-1
4.32,12,3471.69,530.498,-1
4.34,2,0.792572,0.0364932,53.485
4.34,3,2.91418,0.134664,24.191
4.34,4,12.8729,0.644947,7.7132
4.34,5,44.5296,3.08884,-1
4.34,6,82.9696,6.69807,-1
4.34,7,154.593,13.8805,-1
4.34,8,288.044,28.7648,-1
4.34,9,536.698,59.6096,-1
4.34,10,1000,123.53,-1
4.34,11,1863.25,255.993,-1
4.34,12,3471.69,530.498,-1
4.36,2,0.792572,0.0364932,55.3159
4.36,3,2.91418,0.134664,25.4116
4.36,4,12.8729,0.644947,7.7132
4.36,5,44.5296,3.08884,-1
4.36,6,82.9696,6.69807,-1
4.36,7,154.593,13.8805,-1
4.36,8,288.044,28.7648,-1
4.36,9,536.698,59.6096,-1
4.36,10,1000,123.53,-1
4.36,11,1863.25,255.993,-1
4.36,12,3471.69,530.498,-1
4.38,2,0.792572,0.0364932,57.1467
4.38,3,2.91418,0.134664,25.4116
4.38,4,12.8729,0.644947,7.7132
4.38,5,44.5296,3.08884,2.22058
4.38,6,82.9696,6.69807,-1
4.38,7,154.593,13.8805,-1
4.38,8,288.044,28.7648,-1
4.38,9,536.698,59.6096,-1
4.38,10,1000,123.53,-1
4.38,11,1863.25,255.993,-1
4.38,12,3471.69,530.498,-1
4.4,2,0.792572,0.0364932,58.9776
4.4,3,2.91418,0.134664,26.6322
4.4,4,12.8729,0.644947,7.7132
4.4,5,44.5296,3.08884,2.22058
4.4,6,82.9696,6.69807,-1
4.4,7,154.593,13.8805,-1
4.4,8,288.044,28.7648,-1
4.4,9,536.698,59.6096,-1
4.4,10,1000,123.53,-1
4.4,11,1863.25,255.993,-1
4.4,12,3471.69,530.498,-1
4.42,2,0.792572,0.0364932,61.4188
4.42,3,2.91418,0.134664,27.8528
4.42,4,12.8729,0.644947,8.93378
4.42,5,44.5296,3.08884,2.22058
4.42,6,82.9696,6.69807,-1
4.42,7,154.593,13.8805,-1
4.42,8,288.044,28.7648,-1
4.42,9,536.698,59.6096,-1
4.42,10,1000,123.53,-1
4.42,11,1863.25,255.993,-1
4.42,12,3471.69,530.498,-1
4.44,2,0.792572,0.0364932,62.6393
4.44,3,2.91418,0.134664,29.0734
4.44,4,12.8729,0.644947,8.93378
4.44,5,44.5296,3.08884,2.22058
4.44,6,82.9696,6.69807,-1
4.44,7,154.593,13.8805,-1
4.44,8,288.044,28.7648,-1
4.44,9,536.698,59.6096,-1
4.44,10,1000,123.53,-1
4.44,11,1863.25,255.993,-1
4.44,12,3471.69,530.498,-1
4.46,2,0.792572,0.0364932,65.0805
4.46,3,2.91418,0.134664,29.0734
4.46,4,12.8729,0.644947,8.93378
4.46,5,44.5296,3.08884,2.22058
4.46,6,82.9696,6.69807,-1
4.46,7,154.593,13.8805,-1
4.46,8,288.044,28.7648,-1
4.46,9,536.698,59.6096,-1
4.46,10,1000,123.53,-1
4.46,11,1863.25,255.993,-1
4.46,12,3471.69,530.498,-1
4.48,2,0.792572,0.0364932,66.9114
4.48,3,2.91418,0.134664,30.2939
4.48,4,12.8729,0.644947,9.54407
4.48,5,44.5296,3.08884,2.22058
4.48,6,82.9696,6.69807,-1
4.48,7,154.593,13.8805,-1
4.48,8,288.044,28.7648,-1
4.48,9,536.698,59.6096,-1
4.48,10,1000,123.53,-1
4.48,11,1863.25,255.993,-1
4.48,12,3471.69,530.498,-1
4.5,2,0.792572,0.0364932,69.3525
4.5,3,2.91418,0.134664,31.5145
4.5,4,12.8729,0.644947,10.1544
4.5,5,44.5296,3.08884,2.22058
4.5,6,82.9696,6.69807,-1
4.5,7,154.593,13.8805,-1
4.5,8,288.044,28.7648,-1
4.5,9,536.698,59.6096,-1
4.5,10,1000,123.53,-1
4.5,11,1863.25,255.993,-1
4.5,12,3471.69,530.498,-1
4.52,2,0.792572,0.0364932,71.7937
4.52,3,2.91418,0.134664,32.7351
4.52,4,12.8729,0.644947,10.1544
4.52,5,44.5296,3.08884,2.22058
4.52,6,82.9696,6.69807,-1
4.52,7,154.593,13.8805,-1
4.52,8,288.044,28.7648,-1
4.52,9,536.698,59.6096,-1
4.52,10,1000,123.53,-1
4.52,11,1863.25,255.993,-1
4.52,12,3471.69,530.498,-1
4.54,2,0.792572,0.0364932,74.2349
4.54,3,2.91418,0.134664,33.9557
4.54,4,12.8729,0.644947,10.7646
4.54,5,44.5296,3.08884,2.22058
4.54,6,82.9696,6.69807,-1
4.54,7,154.593,13.8805,-1
4.54,8,288.044,28.7648,-1
4.54,9,536.698,59.6096,-1
4.54,10,1000,123.53,-1
4.54,11,1863.25,255.993,-1
4.54,12,3471.69,530.498,-1
4.56,2,0.792572,0.0364932,76.676
4.56,3,2.91418,0.134664,35.1763
4.56,4,12.8729,0.644947,10.7646
4.56,5,44.5296,3.08884,2.22058
4.56,6,82.9696,6.69807,-1
4.56,7,154.593,13.8805,-1
4.56,8,288.044,28.7648,-1
4.56,9,536.698,59.6096,-1
4.56,10,1000,123.53,-1
4.56,11,1863.25,255.993,-1
4.56,12,3471.69,530.498,-1
4.58,2,0.792572,0.0364932,79.7275
4.58,3,2.91418,0.134664,36.3969
4.58,4,12.8729,0.644947,11.3749
4.58,5,44.5296,3.08884,2.83087
4.58,6,82.9696,6.69807,-1
4.58,7,154.593,13.8805,-1
4.58,8,288.044,28.7648,-1
4.58,9,536.698,59.6096,-1
4.58,10,1000,123.53,-1
4.58,11,1863.25,255.993,-1
4.58,12,3471.69,530.498,-1
4.6,2,0.792572,0.0364932,81.5583
4.6,3,2.91418,0.134664,37.6174
4.6,4,12.8729,0.644947,11.9852
4.6,5,44.5296,3.08884,2.83087
4.6,6,82.9696,6.69807,-1
4.6,7,154.593,13.8805,-1
4.6,8,288.044,28.7648,-1
4.6,9,536.698,59.6096,-1
4.6,10,1000,123.53,-1
4.6,11,1863.25,255.993,-1
4.6,12,3471.69,530.498,-1
4.62,2,0.792572,0.0364932,84.6098
4.62,3,2.91418,0.134664,38.838
4.62,4,12.8729,0.644947,11.9852
4.62,5,44.5296,3.08884,2.83087
4.62,6,82.9696,6.69807,-1
4.62,7,154.593,13.8805,-1
4.62,8,288.044,28.7648,-1
4.62,9,536.698,59.6096,-1
4.62,10,1000,123.53,-1
4.62,11,1863.25,255.993,-1
4.62,12,3471.69,530.498,-1
4.64,2,0.792572,0.0364932,87.6613
4.64,3,2.91418,0.134664,40.0586
4.64,4,12.8729,0.644947,12.5955
4.64,5,44.5296,3.08884,2.83087
4.64,6,82.9696,6.69807,-1
4.64,7,154.593,13.8805,-1
4.64,8,288.044,28.7648,-1
4.64,9,536.698,59.6096,-1
4.64,10,1000,123.53,-1
4.64,11,1863.25,255.993,-1
4.64,12,3471.69,530.498,-1
4.66,2,0.792572,0.0364932,90.1024
4.66,3,2.91418,0.134664,41.8895
4.66,4,12.8729,0.644947,13.2058
4.66,5,44.5296,3.08884,2.83087
4.66,6,82.9696,6.69807,-1
4.66,7,154.593,13.8805,-1
4.66,8,288.044,28.7648,-1
4.66,9,536.698,59.6096,-1
4.66,10,1000,123.53,-1
4.66,11,1863.25,255.993,-1
4.66,12,3471.69,530.498,-1
4.68,2,0.792572,0.0364932,93.1539
4.68,3,2.91418,0.134664,43.11
4.68,4,12.8729,0.644947,13.8161
4.68,5,44.5296,3.08884,2.83087
4.68,6,82.9696,6.69807,-1
4.68,7,154.593,13.8805,-1
4.68,8,288.044,28.7648,-1
4.68,9,536.698,59.6096,-1
4.68,10,1000,123.53,-1
4.68,11,1863.25,255.993,-1
4.68,12,3471.69,530.498,-1
4.7,2,0.792572,0.0364932,96.8156
4.7,3,2.91418,0.134664,44.9409
4.7,4,12.8729,0.644947,14.4264
4.7,5,44.5296,3.08884,2.83087
4.7,6,82.9696,6.69807,-1
4.7,7,154.593,13.8805,-1
4.7,8,288.044,28.7648,-1
4.7,9,536.698,59.6096,-1
4.7,10,1000,123.53,-1
4.7,11,1863.25,255.993,-1
4.7,12,3471.69,530.498,-1
4.72,2,0.792572,0.0364932,99.8671
4.72,3,2.91418,0.134664,46.7718
4.72,4,12.8729,0.644947,14.4264
4.72,5,44.5296,3.08884,2.83087
4.72,6,82.9696,6.69807,-1
4.72,7,154.593,13.8805,-1
4.72,8,288.044,28.7648,-1
4.72,9,536.698,59.6096,-1
4.72,10,1000,123.53,-1
4.72,11,1863.25,255.993,-1
4.72,12,3471.69,530.498,-1
4.74,2,0.792572,0.0364932,102.919
4.74,3,2.91418,0.134664,47.9924
4.74,4,12.8729,0.644947,15.647
4.74,5,44.5296,3.08884,4.05145
4.74,6,82.9696,6.69807,-1
4.74,7,154.593,13.8805,-1
4.74,8,288.044,28.7648,-1
4.74,9,536.698,59.6096,-1
4.74,10,1000,123.53,-1
4.74,11,1863.25,255.993,-1
4.74,12,3471.69,530.498,-1
4.76,2,0.792572,0.0364932,107.191
4.76,3,2.91418,0.134664,49.8232
4.76,4,12.8729,0.644947,15.647
4.76,5,44.5296,3.08884,4.05145
4.76,6,82.9696,6.69807,-1
4.76,7,154.593,13.8805,-1
4.76,8,288.044,28.7648,-1
4.76,9,536.698,59.6096,-1
4.76,10,1000,123.53,-1
4.76,11,1863.25,255.993,-1
4.76,12,3471.69,530.498,-1
4.78,2,0.792572,0.0364932,110.852
4.78,3,2.91418,0.134664,51.6541
4.78,4,12.8729,0.644947,16.8676
4.78,5,44.5296,3.08884,4.05145
4.78,6,82.9696,6.69807,-1
4.78,7,154.593,13.8805,-1
4.78,8,288.044,28.7648,-1
4.78,9,536.698,59.6096,-1
4.78,10,1000,123.53,-1
4.78,11,1863.25,255.993,-1
4.78,12,3471.69,530.498,-1
4.8,2,0.792572,0.0364932,114.514
4.8,3,2.91418,0.134664,53.485
4.8,4,12.8729,0.644947,16.8676
4.8,5,44.5296,3.08884,4.05145
4.8,6,82.9696,6.69807,-1
4.8,7,154.593,13.8805,-1
4.8,8,288.044,28.7648,-1
4.8,9,536.698,59.6096,-1
4.8,10,1000,123.53,-1
4.8,11,1863.25,255.993,-1
4.8,12,3471.69,530.498,-1
4.82,2,0.792572,0.0364932,118.176
4.82,3,2.91418,0.134664,55.9261
4.82,4,12.8729,0.644947,18.0881
4.82,5,44.5296,3.08884,4.05145
4.82,6,82.9696,6.69807,-1
4.82,7,154.593,13.8805,-1
4.82,8,288.044,28.7648,-1
4.82,9,536.698,59.6096,-1
4.82,10,1000,123.53,-1
4.82,11,1863.25,255.993,-1
4.82,12,3471.69,530.498,-1
4.84,2,0.792572,0.0364932,122.448
4.84,3,2.91418,0.134664,57.757
4.84,4,12.8729,0.644947,18.0881
4.84,5,44.5296,3.08884,4.05145
4.84,6,82.9696,6.69807,-1
4.84,7,154.593,13.8805,-1
4.84,8,288.044,28.7648,-1
4.84,9,536.698,59.6096,-1
4.84,10,1000,123.53,-1
4.84,11,1863.25,255.993,-1
4.84,12,3471.69,530.498,-1
4.86,2,0.792572,0.0364932,126.11
4.86,3,2.91418,0.134664,60.1982
4.86,4,12.8729,0.644947,19.3087
4.86,5,44.5296,3.08884,4.66174
4.86,6,82.9696,6.69807,-1
4.86,7,154.593,13.8805,-1
4.86,8,288.044,28.7648,-1
4.86,9,536.698,59.6096,-1
4.86,10,1000,123.53,-1
4.86,11,1863.25,255.993,-1
4.86,12,3471.69,530.498,-1
4.88,2,0.792572,0.0364932,130.992
4.88,3,2.91418,0.134664,62.0291
4.88,4,12.8729,0.644947,20.5293
4.88,5,44.5296,3.08884,5.27203
4.88,6,82.9696,6.69807,-1
4.88,7,154.593,13.8805,-1
4.88,8,288.044,28.7648,-1
4.88,9,536.698,59.6096,-1
4.88,10,1000,123.53,-1
4.88,11,1863.25,255.993,-1
4.88,12,3471.69,530.498,-1
4.9,2,0.792572,0.0364932,135.264
4.9,3,2.91418,0.134664,64.4702
4.9,4,12.8729,0.644947,20.5293
4.9,5,44.5296,3.08884,5.27203
4.9,6,82.9696,6.69807,-1
4.9,7,154.593,13.8805,-1
4.9,8,288.044,28.7648,-1
4.9,9,536.698,59.6096,-1
4.9,10,1000,123.53,-1
4.9,11,1863.25,255.993,-1
4.9,12,3471.69,530.498,-1
4.92,2,0.792572,0.0364932,140.146
4.92,3,2.91418,0.134664,66.9114
4.92,4,12.8729,0.644947,21.7499
4.92,5,44.5296,3.08884,5.27203
4.92,6,82.9696,6.69807,-1
4.92,7,154.593,13.8805,-1
4.92,8,288.044,28.7648,-1
4.92,9,536.698,59.6096,-1
4.92,10,1000,123.53,-1
4.92,11,1863.25,255.993,-1
4.92,12,3471.69,530.498,-1
4.94,2,0.792572,0.0364932,144.418
4.94,3,2.91418,0.134664,69.3525
4.94,4,12.8729,0.644947,22.9705
4.94,5,44.5296,3.08884,5.27203
4.94,6,82.9696,6.69807,2.22058
4.94,7,154.593,13.8805,-1
4.94,8,288.044,28.7648,-1
4.94,9,536.698,59.6096,-1
4.94,10,1000,123.53,-1
4.94,11,1863.25,255.993,-1
4.94,12,3471.69,530.498,-1
4.96,2,0.792572,0.0364932,149.301
4.96,3,2.91418,0.134664,71.7937
4.96,4,12.8729,0.644947,23.5807
4.96,5,44.5296,3.08884,5.88232
4.96,6,82.9696,6.69807,2.22058
4.96,7,154.593,13.8805,-1
4.96,8,288.044,28.7648,-1
4.96,9,536.698,59.6096,-1
4.96,10,1000,123.53,-1
4.96,11,1863.25,255.993,-1
4.96,12,3471.69,530.498,-1
4.98,2,0.792572,0.0364932,154.793
4.98,3,2.91418,0.134664,74.8452
4.98,4,12.8729,0.644947,24.191
4.98,5,44.5296,3.08884,5.88232
4.98,6,82.9696,6.69807,2.22058
4.98,7,154.593,13.8805,-1
4.98,8,288.044,28.7648,-1
4.98,9,536.698,59.6096,-1
4.98,10,1000,123.53,-1
4.98,11,1863.25,255.993,-1
4.98,12,3471.69,530.498,-1
5,2,0.792572,0.0364932,160.286
5,3,2.91418,0.134664,77.8966
5,4,12.8729,0.644947,25.4116
5,5,44.5296,3.08884,6.49261
5,6,82.9696,6.69807,2.83087
5,7,154.593,13.8805,-1
5,8,288.044,28.7648,-1
5,9,536.698,59.6096,-1
5,10,1000,123.53,-1
5,11,1863.25,255.993,-1
5,12,3471.69,530.498,-1
5.02,2,0.792572,0.0364932,165.168
5.02,3,2.91418,0.134664,80.9481
5.02,4,12.8729,0.644947,26.6322
5.02,5,44.5296,3.08884,6.49261
5.02,6,82.9696,6.69807,2.83087
5.02,7,154.593,13.8805,-1
5.02,8,288.044,28.7648,-1
5.02,9,536.698,59.6096,-1
5.02,10,1000,123.53,-1
5.02,11,1863.25,255.993,-1
5.02,12,3471.69,530.498,-1
5.04,2,0.792572,0.0364932,170.661
5.04,3,2.91418,0.134664,83.9995
5.04,4,12.8729,0.644947,27.8528
5.04,5,44.5296,3.08884,7.10291
5.04,6,82.9696,6.69807,2.83087
5.04,7,154.593,13.8805,-1
5.04,8,288.044,28.7648,-1
5.04,9,536.698,59.6096,-1
5.04,10,1000,123.53,-1
5.04,11,1863.25,255.993,-1
5.04,12,3471.69,530.498,-1
5.06,2,0.792572,0.0364932,176.764
5.06,3,2.91418,0.134664,87.051
5.06,4,12.8729,0.644947,29.0734
5.06,5,44.5296,3.08884,7.10291
5.06,6,82.9696,6.69807,2.83087
5.06,7,154.593,13.8805,-1
5.06,8,288.044,28.7648,-1
5.06,9,536.698,59.6096,-1
5.06,10,1000,123.53,-1
5.06,11,1863.25,255.993,-1
5.06,12,3471.69,530.498,-1
5.08,2,0.792572,0.0364932,182.867
5.08,3,2.91418,0.134664,90.1024
5.08,4,12.8729,0.644947,30.2939
5.08,5,44.5296,3.08884,7.7132
5.08,6,82.9696,6.69807,2.83087
5.08,7,154.593,13.8805,-1
5.08,8,288.044,28.7648,-1
5.08,9,536.698,59.6096,-1
5.08,10,1000,123.53,-1
5.08,11,1863.25,255.993,-1
5.08,12,3471.69,530.498,-1
5.1,2,0.792572,0.0364932,188.969
5.1,3,2.91418,0.134664,93.7642
5.1,4,12.8729,0.644947,31.5145
5.1,5,44.5296,3.08884,8.32349
5.1,6,82.9696,6.69807,2.83087
5.1,7,154.593,13.8805,-1
5.1,8,288.044,28.7648,-1
5.1,9,536.698,59.6096,-1
5.1,10,1000,123.53,-1
5.1,11,1863.25,255.993,-1
5.1,12,3471.69,530.498,-1
5.12,2,0.792572,0.0364932,195.072
5.12,3,2.91418,0.134664,97.4259
5.12,4,12.8729,0.644947,32.7351
5.12,5,44.5296,3.08884,8.32349
5.12,6,82.9696,6.69807,2.83087
5.12,7,154.593,13.8805,-1
5.12,8,288.044,28.7648,-1
5.12,9,536.698,59.6096,-1
5.12,10,1000,123.53,-1
5.12,11,1863.25,255.993,-1
5.12,12,3471.69,530.498,-1
5.14,2,0.792572,0.0364932,201.786
5.14,3,2.91418,0.134664,101.088
5.14,4,12.8729,0.644947,33.9557
5.14,5,44.5296,3.08884,8.32349
5.14,6,82.9696,6.69807,3.44116
5.14,7,154.593,13.8805,-1
5.14,8,288.044,28.7648,-1
5.14,9,536.698,59.6096,-1
5.14,10,1000,123.53,-1
5.14,11,1863.25,255.993,-1
5.14,12,3471.69,530.498,-1
5.16,2,0.792572,0.0364932,207.888
5.16,3,2.91418,0.134664,105.36
5.16,4,12.8729,0.644947,35.1763
5.16,5,44.5296,3.08884,9.54407
5.16,6,82.9696,6.69807,3.44116
5.16,7,154.593,13.8805,-1
5.16,8,288.044,28.7648,-1
5.16,9,536.698,59.6096,-1
5.16,10,1000,123.53,-1
5.16,11,1863.25,255.993,-1
5.16,12,3471.69,530.498,-1
5.18,2,0.792572,0.0364932,214.602
5.18,3,2.91418,0.134664,109.021
5.18,4,12.8729,0.644947,36.3969
5.18,5,44.5296,3.08884,9.54407
5.18,6,82.9696,6.69807,4.05145
5.18,7,154.593,13.8805,-1
5.18,8,288.044,28.7648,-1
5.18,9,536.698,59.6096,-1
5.18,10,1000,123.53,-1
5.18,11,1863.25,255.993,-1
5.18,12,3471.69,530.498,-1
5.2,2,0.792572,0.0364932,222.535
5.2,3,2.91418,0.134664,113.293
5.2,4,12.8729,0.644947,38.2277
5.2,5,44.5296,3.08884,9.54407
5.2,6,82.9696,6.69807,4.05145
5.2,7,154.593,13.8805,-1
5.2,8,288.044,28.7648,-1
5.2,9,536.698,59.6096,-1
5.2,10,1000,123.53,-1
5.2,11,1863.25,255.993,-1
5.2,12,3471.69,530.498,-1
5.22,2,0.792572,0.0364932,229.249
5.22,3,2.91418,0.134664,117.565
5.22,4,12.8729,0.644947,40.0586
5.22,5,44.5296,3.08884,10.1544
5.22,6,82.9696,6.69807,4.05145
5.22,7,154.593,13.8805,-1
5.22,8,288.044,28.7648,-1
5.22,9,536.698,59.6096,-1
5.22,10,1000,123.53,-1
5.22,11,1863.25,255.993,-1
5.22,12,3471.69,530.498,-1
5.24,2,0.792572,0.0364932,236.572
5.24,3,2.91418,0.134664,121.838
5.24,4,12.8729,0.644947,41.8895
5.24,5,44.5296,3.08884,10.7646
5.24,6,82.9696,6.69807,4.05145
5.24,7,154.593,13.8805,-1
5.24,8,288.044,28.7648,-1
5.24,9,536.698,59.6096,-1
5.24,10,1000,123.53,-1
5.24,11,1863.25,255.993,-1
5.24,12,3471.69,530.498,-1
5.26,2,0.792572,0.0364932,243.896
5.26,3,2.91418,0.134664,126.72
5.26,4,12.8729,0.644947,43.11
5.26,5,44.5296,3.08884,11.3749
5.26,6,82.9696,6.69807,4.66174
5.26,7,154.593,13.8805,-1
5.26,8,288.044,28.7648,-1
5.26,9,536.698,59.6096,-1
5.26,10,1000,123.53,-1
5.26,11,1863.25,255.993,-1
5.26,12,3471.69,530.498,-1
5.28,2,0.792572,0.0364932,252.44
5.28,3,2.91418,0.134664,131.602
5.28,4,12.8729,0.644947,45.5512
5.28,5,44.5296,3.08884,11.3749
5.28,6,82.9696,6.69807,4.66174
5.28,7,154.593,13.8805,-1
5.28,8,288.044,28.7648,-1
5.28,9,536.698,59.6096,-1
5.28,10,1000,123.53,-1
5.28,11,1863.25,255.993,-1
5.28,12,3471.69,530.498,-1
5.3,2,0.792572,0.0364932,259.763
5.3,3,2.91418,0.134664,136.484
5.3,4,12.8729,0.644947,47.3821
5.3,5,44.5296,3.08884,12.5955
5.3,6,82.9696,6.69807,5.27203
5.3,7,154.593,13.8805,-1
5.3,8,288.044,28.7648,-1
5.3,9,536.698,59.6096,-1
5.3,10,1000,123.53,-1
5.3,11,1863.25,255.993,-1
5.3,12,3471.69,530.498,-1
5.32,2,0.792572,0.0364932,268.307
5.32,3,2.91418,0.134664,141.977
5.32,4,12.8729,0.644947,49.8232
5.32,5,44.5296,3.08884,12.5955
5.32,6,82.9696,6.69807,5.27203
5.32,7,154.593,13.8805,-1
5.32,8,288.044,28.7648,-1
5.32,9,536.698,59.6096,-1
5.32,10,1000,123.53,-1
5.32,11,1863.25,255.993,-1
5.32,12,3471.69,530.498,-1
5.34,2,0.792572,0.0364932,276.241
5.34,3,2.91418,0.134664,146.859
5.34,4,12.8729,0.644947,51.6541
5.34,5,44.5296,3.08884,13.8161
5.34,6,82.9696,6.69807,5.88232
5.34,7,154.593,13.8805,-1
5.34,8,288.044,28.7648,-1
5.34,9,536.698,59.6096,-1
5.34,10,1000,123.53,-1
5.34,11,1863.25,255.993,-1
5.34,12,3471.69,530.498,-1
5.36,2,0.792572,0.0364932,285.395
5.36,3,2.91418,0.134664,152.962
5.36,4,12.8729,0.644947,54.0953
5.36,5,44.5296,3.08884,13.8161
5.36,6,82.9696,6.69807,5.88232
5.36,7,154.593,13.8805,-1
5.36,8,288.044,28.7648,-1
5.36,9,536.698,59.6096,-1
5.36,10,1000,123.53,-1
5.36,11,1863.25,255.993,-1
5.36,12,3471.69,530.498,-1
5.38,2,0.792572,0.0364932,293.939
5.38,3,2.91418,0.134664,158.455
5.38,4,12.8729,0.644947,55.9261
5.38,5,44.5296,3.08884,14.4264
5.38,6,82.9696,6.69807,5.88232
5.38,7,154.593,13.8805,-1
5.38,8,288.044,28.7648,-1
5.38,9,536.698,59.6096,-1
5.38,10,1000,123.53,-1
5.38,11,1863.25,255.993,-1
5.38,12,3471.69,530.498,-1
5.4,2,0.792572,0.0364932,303.094
5.4,3,2.91418,0.134664,164.558
5.4,4,12.8729,0.644947,58.9776
5.4,5,44.5296,3.08884,15.647
5.4,6,82.9696,6.69807,7.10291
5.4,7,154.593,13.8805,-1
5.4,8,288.044,28.7648,-1
5.4,9,536.698,59.6096,-1
5.4,10,1000,123.53,-1
5.4,11,1863.25,255.993,-1
5.4,12,3471.69,530.498,-1
5.42,2,0.792572,0.0364932,312.248
5.42,3,2.91418,0.134664,170.661
5.42,4,12.8729,0.644947,61.4188
5.42,5,44.5296,3.08884,15.647
5.42,6,82.9696,6.69807,7.10291
5.42,7,154.593,13.8805,-1
5.42,8,288.044,28.7648,-1
5.42,9,536.698,59.6096,-1
5.42,10,1000,123.53,-1
5.42,11,1863.25,255.993,-1
5.42,12,3471.69,530.498,-1
5.44,2,0.792572,0.0364932,321.403
5.44,3,2.91418,0.134664,177.374
5.44,4,12.8729,0.644947,64.4702
5.44,5,44.5296,3.08884,16.8676
5.44,6,82.9696,6.69807,7.10291
5.44,7,154.593,13.8805,-1
5.44,8,288.044,28.7648,-1
5.44,9,536.698,59.6096,-1
5.44,10,1000,123.53,-1
5.44,11,1863.25,255.993,-1
5.44,12,3471.69,530.498,-1
5.46,2,0.792572,0.0364932,330.557
5.46,3,2.91418,0.134664,184.087
5.46,4,12.8729,0.644947,67.5217
5.46,5,44.5296,3.08884,18.0881
5.46,6,82.9696,6.69807,7.7132
5.46,7,154.593,13.8805,-1
5.46,8,288.044,28.7648,-1
5.46,9,536.698,59.6096,-1
5.46,10,1000,123.53,-1
5.46,11,1863.25,255.993,-1
5.46,12,3471.69,530.498,-1
5.48,2,0.792572,0.0364932,340.322
5.48,3,2.91418,0.134664,190.8
5.48,4,12.8729,0.644947,70.5731
5.48,5,44.5296,3.08884,18.6984
5.48,6,82.9696,6.69807,8.32349
5.48,7,154.593,13.8805,-1
5.48,8,288.044,28.7648,-1
5.48,9,536.698,59.6096,-1
5.48,10,1000,123.53,-1
5.48,11,1863.25,255.993,-1
5.48,12,3471.69,530.498,-1
5.5,2,0.792572,0.0364932,350.696
5.5,3,2.91418,0.134664,197.514
5.5,4,12.8729,0.644947,73.6246
5.5,5,44.5296,3.08884,19.919
5.5,6,82.9696,6.69807,8.32349
5.5,7,154.593,13.8805,2.83087
5.5,8,288.044,28.7648,-1
5.5,9,536.698,59.6096,-1
5.5,10,1000,123.53,-1
5.5,11,1863.25,255.993,-1
5.5,12,3471.69,530.498,-1
5.52,2,0.792572,0.0364932,360.461
5.52,3,2.91418,0.134664,204.837
5.52,4,12.8729,0.644947,76.676
5.52,5,44.5296,3.08884,20.5293
5.52,6,82.9696,6.69807,8.93378
5.52,7,154.593,13.8805,2.83087
5.52,8,288.044,28.7648,-1
5.52,9,536.698,59.6096,-1
5.52,10,1000,123.53,-1
5.52,11,1863.25,255.993,-1
5.52,12,3471.69,530.498,-1
5.54,2,0.792572,0.0364932,370.226
5.54,3,2.91418,0.134664,212.771
5.54,4,12.8729,0.644947,80.3378
5.54,5,44.5296,3.08884,21.1396
5.54,6,82.9696,6.69807,8.93378
5.54,7,154.593,13.8805,2.83087
5.54,8,288.044,28.7648,-1
5.54,9,536.698,59.6096,-1
5.54,10,1000,123.53,-1
5.54,11,1863.25,255.993,-1
5.54,12,3471.69,530.498,-1
5.56,2,0.792572,0.0364932,380.601
5.56,3,2.91418,0.134664,220.094
5.56,4,12.8729,0.644947,83.9995
5.56,5,44.5296,3.08884,22.3602
5.56,6,82.9696,6.69807,10.1544
5.56,7,154.593,13.8805,2.83087
5.56,8,288.044,28.7648,-1
5.56,9,536.698,59.6096,-1
5.56,10,1000,123.53,-1
5.56,11,1863.25,255.993,-1
5.56,12,3471.69,530.498,-1
5.58,2,0.792572,0.0364932,391.586
5.58,3,2.91418,0.134664,227.418
5.58,4,12.8729,0.644947,87.6613
5.58,5,44.5296,3.08884,23.5807
5.58,6,82.9696,6.69807,10.1544
5.58,7,154.593,13.8805,3.44116
5.58,8,288.044,28.7648,-1
5.58,9,536.698,59.6096,-1
5.58,10,1000,123.53,-1
5.58,11,1863.25,255.993,-1
5.58,12,3471.69,530.498,-1
5.6,2,0.792572,0.0364932,401.961
5.6,3,2.91418,0.134664,235.962
5.6,4,12.8729,0.644947,91.9333
5.6,5,44.5296,3.08884,24.8013
5.6,6,82.9696,6.69807,10.7646
5.6,7,154.593,13.8805,4.05145
5.6,8,288.044,28.7648,-1
5.6,9,536.698,59.6096,-1
5.6,10,1000,123.53,-1
5.6,11,1863.25,255.993,-1
5.6,12,3471.69,530.498,-1
5.62,2,0.792572,0.0364932,412.946
5.62,3,2.91418,0.134664,243.896
5.62,4,12.8729,0.644947,96.2053
5.62,5,44.5296,3.08884,26.6322
5.62,6,82.9696,6.69807,11.3749
5.62,7,154.593,13.8805,4.05145
5.62,8,288.044,28.7648,-1
5.62,9,536.698,59.6096,-1
5.62,10,1000,123.53,-1
5.62,11,1863.25,255.993,-1
5.62,12,3471.69,530.498,-1
5.64,2,0.792572,0.0364932,423.931
5.64,3,2.91418,0.134664,253.05
5.64,4,12.8729,0.644947,100.477
5.64,5,44.5296,3.08884,27.8528
5.64,6,82.9696,6.69807,11.9852
5.64,7,154.593,13.8805,4.05145
5.64,8,288.044,28.7648,-1
5.64,9,536.698,59.6096,-1
5.64,10,1000,123.53,-1
5.64,11,1863.25,255.993,-1
5.64,12,3471.69,530.498,-1
5.66,2,0.792572,0.0364932,435.527
5.66,3,2.91418,0.134664,260.984
5.66,4,12.8729,0.644947,105.36
5.66,5,44.5296,3.08884,29.0734
5.66,6,82.9696,6.69807,11.9852
5.66,7,154.593,13.8805,4.66174
5.66,8,288.044,28.7648,-1
5.66,9,536.698,59.6096,-1
5.66,10,1000,123.53,-1
5.66,11,1863.25,255.993,-1
5.66,12,3471.69,530.498,-1
5.68,2,0.792572,0.0364932,447.122
5.68,3,2.91418,0.134664,270.138
5.68,4,12.8729,0.644947,109.632
5.68,5,44.5296,3.08884,30.2939
5.68,6,82.9696,6.69807,13.2058
5.68,7,154.593,13.8805,4.66174
5.68,8,288.044,28.7648,-1
5.68,9,536.698,59.6096,-1
5.68,10,1000,123.53,-1
5.68,11,1863.25,255.993,-1
5.68,12,3471.69,530.498,-1
5.7,2,0.792572,0.0364932,458.718
5.7,3,2.91418,0.134664,279.292
5.7,4,12.8729,0.644947,114.514
5.7,5,44.5296,3.08884,32.1248
5.7,6,82.9696,6.69807,13.8161
5.7,7,154.593,13.8805,4.66174
5.7,8,288.044,28.7648,-1
5.7,9,536.698,59.6096,-1
5.7,10,1000,123.53,-1
5.7,11,1863.25,255.993,-1
5.7,12,3471.69,530.498,-1
5.72,2,0.792572,0.0364932,470.313
5.72,3,2.91418,0.134664,288.447
5.72,4,12.8729,0.644947,120.007
5.72,5,44.5296,3.08884,33.3454
5.72,6,82.9696,6.69807,15.0367
5.72,7,154.593,13.8805,5.27203
5.72,8,288.044,28.7648,-1
5.72,9,536.698,59.6096,-1
5.72,10,1000,123.53,-1
5.72,11,1863.25,255.993,-1
5.72,12,3471.69,530.498,-1
5.74,2,0.792572,0.0364932,481.909
5.74,3,2.91418,0.134664,298.211
5.74,4,12.8729,0.644947,125.499
5.74,5,44.5296,3.08884,35.1763
5.74,6,82.9696,6.69807,15.0367
5.74,7,154.593,13.8805,5.88232
5.74,8,288.044,28.7648,-1
5.74,9,536.698,59.6096,-1
5.74,10,1000,123.53,-1
5.74,11,1863.25,255.993,-1
5.74,12,3471.69,530.498,-1
5.76,2,0.792572,0.0364932,488.622
5.76,3,2.91418,0.134664,303.704
5.76,4,12.8729,0.644947,128.551
5.76,5,44.5296,3.08884,35.7866
5.76,6,82.9696,6.69807,15.647
5.76,7,154.593,13.8805,5.88232
5.76,8,288.044,28.7648,-1
5.76,9,536.698,59.6096,-1
5.76,10,1000,123.53,-1
5.76,11,1863.25,255.993,-1
5.76,12,3471.69,530.498,-1
5.78,2,0.792572,0.0364932,493.504
5.78,3,2.91418,0.134664,307.366
5.78,4,12.8729,0.644947,130.992
5.78,5,44.5296,3.08884,37.0071
5.78,6,82.9696,6.69807,16.2573
5.78,7,154.593,13.8805,5.88232
5.78,8,288.044,28.7648,-1
5.78,9,536.698,59.6096,-1
5.78,10,1000,123.53,-1
5.78,11,1863.25,255.993,-1
5.78,12,3471.69,530.498,-1
5.8,2,0.792572,0.0364932,497.166
5.8,3,2.91418,0.134664,311.028
5.8,4,12.8729,0.644947,133.433
5.8,5,44.5296,3.08884,38.2277
5.8,6,82.9696,6.69807,16.2573
5.8,7,154.593,13.8805,5.88232
5.8,8,288.044,28.7648,-1
5.8,9,536.698,59.6096,-1
5.8,10,1000,123.53,-1
5.8,11,1863.25,255.993,-1
5.8,12,3471.69,530.498,-1
5.82,2,0.792572,0.0364932,502.049
5.82,3,2.91418,0.134664,314.689
5.82,4,12.8729,0.644947,135.874
5.82,5,44.5296,3.08884,38.838
5.82,6,82.9696,6.69807,16.8676
5.82,7,154.593,13.8805,5.88232
5.82,8,288.044,28.7648,-1
5.82,9,536.698,59.6096,-1
5.82,10,1000,123.53,-1
5.82,11,1863.25,255.993,-1
5.82,12,3471.69,530.498,-1
5.84,2,0.792572,0.0364932,506.321
5.84,3,2.91418,0.134664,318.351
5.84,4,12.8729,0.644947,137.705
5.84,5,44.5296,3.08884,40.0586
5.84,6,82.9696,6.69807,17.4778
5.84,7,154.593,13.8805,5.88232
5.84,8,288.044,28.7648,-1
5.84,9,536.698,59.6096,-1
5.84,10,1000,123.53,-1
5.84,11,1863.25,255.993,-1
5.84,12,3471.69,530.498,-1
5.86,2,0.792572,0.0364932,510.593
5.86,3,2.91418,0.134664,322.013
5.86,4,12.8729,0.644947,140.146
5.86,5,44.5296,3.08884,40.0586
5.86,6,82.9696,6.69807,18.0881
5.86,7,154.593,13.8805,7.10291
5.86,8,288.044,28.7648,-1
5.86,9,536.698,59.6096,-1
5.86,10,1000,123.53,-1
5.86,11,1863.25,255.993,-1
5.86,12,3471.69,530.498,-1
5.88,2,0.792572,0.0364932,514.865
5.88,3,2.91418,0.134664,326.285
5.88,4,12.8729,0.644947,142.587
5.88,5,44.5296,3.08884,41.2792
5.88,6,82.9696,6.69807,18.0881
5.88,7,154.593,13.8805,7.10291
5.88,8,288.044,28.7648,-1
5.88,9,536.698,59.6096,-1
5.88,10,1000,123.53,-1
5.88,11,1863.25,255.993,-1
5.88,12,3471.69,530.498,-1
5.9,2,0.792572,0.0364932,519.747
5.9,3,2.91418,0.134664,329.336
5.9,4,12.8729,0.644947,145.029
5.9,5,44.5296,3.08884,42.4998
5.9,6,82.9696,6.69807,18.6984
5.9,7,154.593,13.8805,7.10291
5.9,8,288.044,28.7648,-1
5.9,9,536.698,59.6096,-1
5.9,10,1000,123.53,-1
5.9,11,1863.25,255.993,-1
5.9,12,3471.69,530.498,-1
5.92,2,0.792572,0.0364932,523.409
5.92,3,2.91418,0.134664,332.998
5.92,4,12.8729,0.644947,147.47
5.92,5,44.5296,3.08884,43.7203
5.92,6,82.9696,6.69807,19.3087
5.92,7,154.593,13.8805,7.10291
5.92,8,288.044,28.7648,-1
5.92,9,536.698,59.6096,-1
5.92,10,1000,123.53,-1
5.92,11,1863.25,255.993,-1
5.92,12,3471.69,530.498,-1
5.94,2,0.792572,0.0364932,527.681
5.94,3,2.91418,0.134664,337.27
5.94,4,12.8729,0.644947,149.911
5.94,5,44.5296,3.08884,44.3306
5.94,6,82.9696,6.69807,19.3087
5.94,7,154.593,13.8805,7.10291
5.94,8,288.044,28.7648,-1
5.94,9,536.698,59.6096,-1
5.94,10,1000,123.53,-1
5.94,11,1863.25,255.993,-1
5.94,12,3471.69,530.498,-1
5.96,2,0.792572,0.0364932,532.563
5.96,3,2.91418,0.134664,340.932
5.96,4,12.8729,0.644947,152.962
5.96,5,44.5296,3.08884,45.5512
5.96,6,82.9696,6.69807,20.5293
5.96,7,154.593,13.8805,7.7132
5.96,8,288.044,28.7648,-1
5.96,9,536.698,59.6096,-1
5.96,10,1000,123.53,-1
5.96,11,1863.25,255.993,-1
5.96,12,3471.69,530.498,-1
5.98,2,0.792572,0.0364932,536.225
5.98,3,2.91418,0.134664,343.983
5.98,4,12.8729,0.644947,155.404
5.98,5,44.5296,3.08884,46.7718
5.98,6,82.9696,6.69807,20.5293
5.98,7,154.593,13.8805,8.32349
5.98,8,288.044,28.7648,-1
5.98,9,536.698,59.6096,-1
5.98,10,1000,123.53,-1
5.98,11,1863.25,255.993,-1
5.98,12,3471.69,530.498,-1
6,2,0.792572,0.0364932,541.107
6,3,2.91418,0.134664,347.645
6,4,12.8729,0.644947,157.845
6,5,44.5296,3.08884,47.3821
6,6,82.9696,6.69807,21.7499
6,7,154.593,13.8805,8.32349
6,8,288.044,28.7648,-1
6,9,536.698,59.6096,-1
6,10,1000,123.53,-1
6,11,1863.25,255.993,-1
6,12,3471.69,530.498,-1
6.02,2,0.792572,0.0364932,545.379
6.02,3,2.91418,0.134664,351.917
6.02,4,12.8729,0.644947,160.896
6.02,5,44.5296,3.08884,48.6027
6.02,6,82.9696,6.69807,21.7499
6.02,7,154.593,13.8805,8.32349
6.02,8,288.044,28.7648,-1
6.02,9,536.698,59.6096,-1
6.02,10,1000,123.53,-1
6.02,11,1863.25,255.993,-1
6.02,12,3471.69,530.498,-1
6.04,2,0.792572,0.0364932,549.651
6.04,3,2.91418,0.134664,355.579
6.04,4,12.8729,0.644947,163.337
6.04,5,44.5296,3.08884,49.8232
6.04,6,82.9696,6.69807,22.3602
6.04,7,154.593,13.8805,8.32349
6.04,8,288.044,28.7648,-1
6.04,9,536.698,59.6096,-1
6.04,10,1000,123.53,-1
6.04,11,1863.25,255.993,-1
6.04,12,3471.69,530.498,-1
6.06,2,0.792572,0.0364932,553.923
6.06,3,2.91418,0.134664,359.241
6.06,4,12.8729,0.644947,165.778
6.06,5,44.5296,3.08884,51.0438
6.06,6,82.9696,6.69807,22.9705
6.06,7,154.593,13.8805,8.93378
6.06,8,288.044,28.7648,-1
6.06,9,536.698,59.6096,-1
6.06,10,1000,123.53,-1
6.06,11,1863.25,255.993,-1
6.06,12,3471.69,530.498,-1
6.08,2,0.792572,0.0364932,558.195
6.08,3,2.91418,0.134664,363.513
6.08,4,12.8729,0.644947,168.22
6.08,5,44.5296,3.08884,51.6541
6.08,6,82.9696,6.69807,22.9705
6.08,7,154.593,13.8805,8.93378
6.08,8,288.044,28.7648,-1
6.08,9,536.698,59.6096,-1
6.08,10,1000,123.53,-1
6.08,11,1863.25,255.993,-1
6.08,12,3471.69,530.498,-1
6.1,2,0.792572,0.0364932,562.467
6.1,3,2.91418,0.134664,367.174
6.1,4,12.8729,0.644947,170.661
6.1,5,44.5296,3.08884,52.8747
6.1,6,82.9696,6.69807,24.191
6.1,7,154.593,13.8805,9.54407
6.1,8,288.044,28.7648,-1
6.1,9,536.698,59.6096,-1
6.1,10,1000,123.53,-1
6.1,11,1863.25,255.993,-1
6.1,12,3471.69,530.498,-1
6.12,2,0.792572,0.0364932,566.739
6.12,3,2.91418,0.134664,370.836
6.12,4,12.8729,0.644947,173.712
6.12,5,44.5296,3.08884,54.0953
6.12,6,82.9696,6.69807,24.191
6.12,7,154.593,13.8805,9.54407
6.12,8,288.044,28.7648,-1
6.12,9,536.698,59.6096,-1
6.12,10,1000,123.53,-1
6.12,11,1863.25,255.993,-1
6.12,12,3471.69,530.498,-1
6.14,2,0.792572,0.0364932,571.622
6.14,3,2.91418,0.134664,374.498
6.14,4,12.8729,0.644947,176.153
6.14,5,44.5296,3.08884,55.3159
6.14,6,82.9696,6.69807,25.4116
6.14,7,154.593,13.8805,9.54407
6.14,8,288.044,28.7648,-1
6.14,9,536.698,59.6096,-1
6.14,10,1000,123.53,-1
6.14,11,1863.25,255.993,-1
6.14,12,3471.69,530.498,-1
6.16,2,0.792572,0.0364932,575.283
6.16,3,2.91418,0.134664,378.16
6.16,4,12.8729,0.644947,178.595
6.16,5,44.5296,3.08884,56.5364
6.16,6,82.9696,6.69807,25.4116
6.16,7,154.593,13.8805,10.1544
6.16,8,288.044,28.7648,-1
6.16,9,536.698,59.6096,-1
6.16,10,1000,123.53,-1
6.16,11,1863.25,255.993,-1
6.16,12,3471.69,530.498,-1
6.18,2,0.792572,0.0364932,580.166
6.18,3,2.91418,0.134664,381.821
6.18,4,12.8729,0.644947,181.646
6.18,5,44.5296,3.08884,57.757
6.18,6,82.9696,6.69807,26.6322
6.18,7,154.593,13.8805,10.1544
6.18,8,288.044,28.7648,-1
6.18,9,536.698,59.6096,-1
6.18,10,1000,123.53,-1
6.18,11,1863.25,255.993,-1
6.18,12,3471.69,530.498,-1
6.2,2,0.792572,0.0364932,584.438
6.2,3,2.91418,0.134664,385.483
6.2,4,12.8729,0.644947,184.697
6.2,5,44.5296,3.08884,58.9776
6.2,6,82.9696,6.69807,26.6322
6.2,7,154.593,13.8805,10.1544
6.2,8,288.044,28.7648,-1
6.2,9,536.698,59.6096,-1
6.2,10,1000,123.53,-1
6.2,11,1863.25,255.993,-1
6.2,12,3471.69,530.498,-1
6.22,2,0.792572,0.0364932,588.099
6.22,3,2.91418,0.134664,389.755
6.22,4,12.8729,0.644947,187.749
6.22,5,44.5296,3.08884,59.5879
6.22,6,82.9696,6.69807,27.8528
6.22,7,154.593,13.8805,10.7646
6.22,8,288.044,28.7648,-1
6.22,9,536.698,59.6096,-1
6.22,10,1000,123.53,-1
6.22,11,1863.25,255.993,-1
6.22,12,3471.69,530.498,-1
6.24,2,0.792572,0.0364932,592.982
6.24,3,2.91418,0.134664,393.417
6.24,4,12.8729,0.644947,190.19
6.24,5,44.5296,3.08884,61.4188
6.24,6,82.9696,6.69807,27.8528
6.24,7,154.593,13.8805,11.3749
6.24,8,288.044,28.7648,-1
6.24,9,536.698,59.6096,-1
6.24,10,1000,123.53,-1
6.24,11,1863.25,255.993,-1
6.24,12,3471.69,530.498,-1
6.26,2,0.792572,0.0364932,597.254
6.26,3,2.91418,0.134664,397.079
6.26,4,12.8729,0.644947,192.631
6.26,5,44.5296,3.08884,62.6393
6.26,6,82.9696,6.69807,29.0734
6.26,7,154.593,13.8805,11.3749
6.26,8,288.044,28.7648,-1
6.26,9,536.698,59.6096,-1
6.26,10,1000,123.53,-1
6.26,11,1863.25,255.993,-1
6.26,12,3471.69,530.498,-1
6.28,2,0.792572,0.0364932,600.916
6.28,3,2.91418,0.134664,401.351
6.28,4,12.8729,0.644947,195.683
6.28,5,44.5296,3.08884,63.8599
6.28,6,82.9696,6.69807,29.0734
6.28,7,154.593,13.8805,11.3749
6.28,8,288.044,28.7648,-1
6.28,9,536.698,59.6096,-1
6.28,10,1000,123.53,-1
6.28,11,1863.25,255.993,-1
6.28,12,3471.69,530.498,-1
6.3,2,0.792572,0.0364932,605.798
6.3,3,2.91418,0.134664,405.012
6.3,4,12.8729,0.644947,198.124
6.3,5,44.5296,3.08884,65.6908
6.3,6,82.9696,6.69807,30.2939
6.3,7,154.593,13.8805,11.9852
6.3,8,288.044,28.7648,-1
6.3,9,536.698,59.6096,-1
6.3,10,1000,123.53,-1
6.3,11,1863.25,255.993,-1
6.3,12,3471.69,530.498,-1
6.32,2,0.792572,0.0364932,610.07
6.32,3,2.91418,0.134664,408.674
6.32,4,12.8729,0.644947,201.175
6.32,5,44.5296,3.08884,66.3011
6.32,6,82.9696,6.69807,31.5145
6.32,7,154.593,13.8805,12.5955
6.32,8,288.044,28.7648,-1
6.32,9,536.698,59.6096,-1
6.32,10,1000,123.53,-1
6.32,11,1863.25,255.993,-1
6.32,12,3471.69,530.498,-1
6.34,2,0.792572,0.0364932,614.342
6.34,3,2.91418,0.134664,412.336
6.34,4,12.8729,0.644947,204.227
6.34,5,44.5296,3.08884,68.132
6.34,6,82.9696,6.69807,31.5145
6.34,7,154.593,13.8805,12.5955
6.34,8,288.044,28.7648,-1
6.34,9,536.698,59.6096,-1
6.34,10,1000,123.53,-1
6.34,11,1863.25,255.993,-1
6.34,12,3471.69,530.498,-1
6.36,2,0.792572,0.0364932,618.614
6.36,3,2.91418,0.134664,416.608
6.36,4,12.8729,0.644947,206.668
6.36,5,44.5296,3.08884,69.3525
6.36,6,82.9696,6.69807,32.7351
6.36,7,154.593,13.8805,12.5955
6.36,8,288.044,28.7648,-1
6.36,9,536.698,59.6096,-1
6.36,10,1000,123.53,-1
6.36,11,1863.25,255.993,-1
6.36,12,3471.69,530.498,-1
6.38,2,0.792572,0.0364932,622.276
6.38,3,2.91418,0.134664,420.27
6.38,4,12.8729,0.644947,209.719
6.38,5,44.5296,3.08884,70.5731
6.38,6,82.9696,6.69807,32.7351
6.38,7,154.593,13.8805,13.2058
6.38,8,288.044,28.7648,-1
6.38,9,536.698,59.6096,-1
6.38,10,1000,123.53,-1
6.38,11,1863.25,255.993,-1
6.38,12,3471.69,530.498,-1
6.4,2,0.792572,0.0364932,627.158
6.4,3,2.91418,0.134664,423.931
6.4,4,12.8729,0.644947,212.161
6.4,5,44.5296,3.08884,72.404
6.4,6,82.9696,6.69807,33.9557
6.4,7,154.593,13.8805,13.8161
6.4,8,288.044,28.7648,-1
6.4,9,536.698,59.6096,-1
6.4,10,1000,123.53,-1
6.4,11,1863.25,255.993,-1
6.4,12,3471.69,530.498,-1
6.42,2,0.792572,0.0364932,631.43
6.42,3,2.91418,0.134664,428.203
6.42,4,12.8729,0.644947,215.822
6.42,5,44.5296,3.08884,73.0143
6.42,6,82.9696,6.69807,34.566
6.42,7,154.593,13.8805,13.8161
6.42,8,288.044,28.7648,-1
6.42,9,536.698,59.6096,-1
6.42,10,1000,123.53,-1
6.42,11,1863.25,255.993,-1
6.42,12,3471.69,530.498,-1
6.44,2,0.792572,0.0364932,635.092
6.44,3,2.91418,0.134664,431.255
6.44,4,12.8729,0.644947,218.874
6.44,5,44.5296,3.08884,74.8452
6.44,6,82.9696,6.69807,35.7866
6.44,7,154.593,13.8805,13.8161
6.44,8,288.044,28.7648,-1
6.44,9,536.698,59.6096,-1
6.44,10,1000,123.53,-1
6.44,11,1863.25,255.993,-1
6.44,12,3471.69,530.498,-1
6.46,2,0.792572,0.0364932,639.974
6.46,3,2.91418,0.134664,434.917
6.46,4,12.8729,0.644947,221.315
6.46,5,44.5296,3.08884,76.676
6.46,6,82.9696,6.69807,36.3969
6.46,7,154.593,13.8805,14.4264
6.46,8,288.044,28.7648,-1
6.46,9,536.698,59.6096,-1
6.46,10,1000,123.53,-1
6.46,11,1863.25,255.993,-1
6.46,12,3471.69,530.498,-1
6.48,2,0.792572,0.0364932,643.636
6.48,3,2.91418,0.134664,438.578
6.48,4,12.8729,0.644947,224.366
6.48,5,44.5296,3.08884,77.8966
6.48,6,82.9696,6.69807,37.0071
6.48,7,154.593,13.8805,15.0367
6.48,8,288.044,28.7648,4.66174
6.48,9,536.698,59.6096,-1
6.48,10,1000,123.53,-1
6.48,11,1863.25,255.993,-1
6.48,12,3471.69,530.498,-1
6.5,2,0.792572,0.0364932,648.518
6.5,3,2.91418,0.134664,442.85
6.5,4,12.8729,0.644947,227.418
6.5,5,44.5296,3.08884,79.7275
6.5,6,82.9696,6.69807,38.2277
6.5,7,154.593,13.8805,15.0367
6.5,8,288.044,28.7648,4.66174
6.5,9,536.698,59.6096,-1
6.5,10,1000,123.53,-1
6.5,11,1863.25,255.993,-1
6.5,12,3471.69,530.498,-1
6.52,2,0.792572,0.0364932,652.18
6.52,3,2.91418,0.134664,446.512
6.52,4,12.8729,0.644947,229.859
6.52,5,44.5296,3.08884,80.9481
6.52,6,82.9696,6.69807,38.2277
6.52,7,154.593,13.8805,15.647
6.52,8,288.044,28.7648,4.66174
6.52,9,536.698,59.6096,-1
6.52,10,1000,123.53,-1
6.52,11,1863.25,255.993,-1
6.52,12,3471.69,530.498,-1
6.54,2,0.792572,0.0364932,656.452
6.54,3,2.91418,0.134664,450.174
6.54,4,12.8729,0.644947,232.91
6.54,5,44.5296,3.08884,82.1686
6.54,6,82.9696,6.69807,39.4483
6.54,7,154.593,13.8805,16.2573
6.54,8,288.044,28.7648,4.66174
6.54,9,536.698,59.6096,-1
6.54,10,1000,123.53,-1
6.54,11,1863.25,255.993,-1
6.54,12,3471.69,530.498,-1
6.56,2,0.792572,0.0364932,661.334
6.56,3,2.91418,0.134664,453.836
6.56,4,12.8729,0.644947,235.962
6.56,5,44.5296,3.08884,83.9995
6.56,6,82.9696,6.69807,40.6689
6.56,7,154.593,13.8805,16.2573
6.56,8,288.044,28.7648,5.27203
6.56,9,536.698,59.6096,-1
6.56,10,1000,123.53,-1
6.56,11,1863.25,255.993,-1
6.56,12,3471.69,530.498,-1
6.58,2,0.792572,0.0364932,664.996
6.58,3,2.91418,0.134664,458.108
6.58,4,12.8729,0.644947,239.013
6.58,5,44.5296,3.08884,85.8304
6.58,6,82.9696,6.69807,41.2792
6.58,7,154.593,13.8805,16.8676
6.58,8,288.044,28.7648,5.27203
6.58,9,536.698,59.6096,-1
6.58,10,1000,123.53,-1
6.58,11,1863.25,255.993,-1
6.58,12,3471.69,530.498,-1
6.6,2,0.792572,0.0364932,669.268
6.6,3,2.91418,0.134664,461.769
6.6,4,12.8729,0.644947,241.454
6.6,5,44.5296,3.08884,87.051
6.6,6,82.9696,6.69807,42.4998
6.6,7,154.593,13.8805,17.4778
6.6,8,288.044,28.7648,5.27203
6.6,9,536.698,59.6096,-1
6.6,10,1000,123.53,-1
6.6,11,1863.25,255.993,-1
6.6,12,3471.69,530.498,-1
6.62,2,0.792572,0.0364932,673.54
6.62,3,2.91418,0.134664,465.431
6.62,4,12.8729,0.644947,244.506
6.62,5,44.5296,3.08884,88.8818
6.62,6,82.9696,6.69807,43.11
6.62,7,154.593,13.8805,17.4778
6.62,8,288.044,28.7648,5.27203
6.62,9,536.698,59.6096,-1
6.62,10,1000,123.53,-1
6.62,11,1863.25,255.993,-1
6.62,12,3471.69,530.498,-1
6.64,2,0.792572,0.0364932,677.812
6.64,3,2.91418,0.134664,469.093
6.64,4,12.8729,0.644947,247.557
6.64,5,44.5296,3.08884,90.1024
6.64,6,82.9696,6.69807,43.7203
6.64,7,154.593,13.8805,18.0881
6.64,8,288.044,28.7648,5.88232
6.64,9,536.698,59.6096,-1
6.64,10,1000,123.53,-1
6.64,11,1863.25,255.993,-1
6.64,12,3471.69,530.498,-1
6.66,2,0.792572,0.0364932,681.474
6.66,3,2.91418,0.134664,473.365
6.66,4,12.8729,0.644947,251.219
6.66,5,44.5296,3.08884,91.9333
6.66,6,82.9696,6.69807,44.9409
6.66,7,154.593,13.8805,18.6984
6.66,8,288.044,28.7648,5.88232
6.66,9,536.698,59.6096,-1
6.66,10,1000,123.53,-1
6.66,11,1863.25,255.993,-1
6.66,12,3471.69,530.498,-1
6.68,2,0.792572,0.0364932,686.356
6.68,3,2.91418,0.134664,477.027
6.68,4,12.8729,0.644947,254.271
6.68,5,44.5296,3.08884,93.7642
6.68,6,82.9696,6.69807,45.5512
6.68,7,154.593,13.8805,19.3087
6.68,8,288.044,28.7648,5.88232
6.68,9,536.698,59.6096,-1
6.68,10,1000,123.53,-1
6.68,11,1863.25,255.993,-1
6.68,12,3471.69,530.498,-1
6.7,2,0.792572,0.0364932,690.018
6.7,3,2.91418,0.134664,480.688
6.7,4,12.8729,0.644947,257.322
6.7,5,44.5296,3.08884,95.595
6.7,6,82.9696,6.69807,46.7718
6.7,7,154.593,13.8805,19.3087
6.7,8,288.044,28.7648,5.88232
6.7,9,536.698,59.6096,-1
6.7,10,1000,123.53,-1
6.7,11,1863.25,255.993,-1
6.7,12,3471.69,530.498,-1
6.72,2,0.792572,0.0364932,694.29
6.72,3,2.91418,0.134664,484.35
6.72,4,12.8729,0.644947,259.763
6.72,5,44.5296,3.08884,97.4259
6.72,6,82.9696,6.69807,47.9924
6.72,7,154.593,13.8805,19.919
6.72,8,288.044,28.7648,6.49261
6.72,9,536.698,59.6096,-1
6.72,10,1000,123.53,-1
6.72,11,1863.25,255.993,-1
6.72,12,3471.69,530.498,-1
6.74,2,0.792572,0.0364932,698.562
6.74,3,2.91418,0.134664,488.622
6.74,4,12.8729,0.644947,262.815
6.74,5,44.5296,3.08884,99.2568
6.74,6,82.9696,6.69807,48.6027
6.74,7,154.593,13.8805,20.5293
6.74,8,288.044,28.7648,6.49261
6.74,9,536.698,59.6096,-1
6.74,10,1000,123.53,-1
6.74,11,1863.25,255.993,-1
6.74,12,3471.69,530.498,-1
6.76,2,0.792572,0.0364932,702.834
6.76,3,2.91418,0.134664,492.284
6.76,4,12.8729,0.644947,265.866
6.76,5,44.5296,3.08884,100.477
6.76,6,82.9696,6.69807,49.8232
6.76,7,154.593,13.8805,20.5293
6.76,8,288.044,28.7648,6.49261
6.76,9,536.698,59.6096,-1
6.76,10,1000,123.53,-1
6.76,11,1863.25,255.993,-1
6.76,12,3471.69,530.498,-1
6.78,2,0.792572,0.0364932,706.496
6.78,3,2.91418,0.134664,495.335
6.78,4,12.8729,0.644947,268.307
6.78,5,44.5296,3.08884,102.308
6.78,6,82.9696,6.69807,50.4335
6.78,7,154.593,13.8805,21.1396
6.78,8,288.044,28.7648,7.10291
6.78,9,536.698,59.6096,-1
6.78,10,1000,123.53,-1
6.78,11,1863.25,255.993,-1
6.78,12,3471.69,530.498,-1
6.8,2,0.792572,0.0364932,710.158
6.8,3,2.91418,0.134664,498.997
6.8,4,12.8729,0.644947,271.359
6.8,5,44.5296,3.08884,103.529
6.8,6,82.9696,6.69807,51.6541
6.8,7,154.593,13.8805,21.1396
6.8,8,288.044,28.7648,7.10291
6.8,9,536.698,59.6096,-1
6.8,10,1000,123.53,-1
6.8,11,1863.25,255.993,-1
6.8,12,3471.69,530.498,-1
6.82,2,0.792572,0.0364932,713.819
6.82,3,2.91418,0.134664,502.659
6.82,4,12.8729,0.644947,274.41
6.82,5,44.5296,3.08884,105.36
6.82,6,82.9696,6.69807,52.2644
6.82,7,154.593,13.8805,22.3602
6.82,8,288.044,28.7648,7.10291
6.82,9,536.698,59.6096,-1
6.82,10,1000,123.53,-1
6.82,11,1863.25,255.993,-1
6.82,12,3471.69,530.498,-1
6.84,2,0.792572,0.0364932,717.481
6.84,3,2.91418,0.134664,505.71
6.84,4,12.8729,0.644947,277.462
6.84,5,44.5296,3.08884,106.58
6.84,6,82.9696,6.69807,52.8747
6.84,7,154.593,13.8805,22.3602
6.84,8,288.044,28.7648,7.10291
6.84,9,536.698,59.6096,-1
6.84,10,1000,123.53,-1
6.84,11,1863.25,255.993,-1
6.84,12,3471.69,530.498,-1
6.86,2,0.792572,0.0364932,721.753
6.86,3,2.91418,0.134664,509.372
6.86,4,12.8729,0.644947,279.903
6.86,5,44.5296,3.08884,108.411
6.86,6,82.9696,6.69807,54.0953
6.86,7,154.593,13.8805,22.3602
6.86,8,288.044,28.7648,7.10291
6.86,9,536.698,59.6096,-1
6.86,10,1000,123.53,-1
6.86,11,1863.25,255.993,-1
6.86,12,3471.69,530.498,-1
6.88,2,0.792572,0.0364932,725.415
6.88,3,2.91418,0.134664,513.034
6.88,4,12.8729,0.644947,282.954
6.88,5,44.5296,3.08884,110.242
6.88,6,82.9696,6.69807,54.7056
6.88,7,154.593,13.8805,22.9705
6.88,8,288.044,28.7648,7.10291
6.88,9,536.698,59.6096,-1
6.88,10,1000,123.53,-1
6.88,11,1863.25,255.993,-1
6.88,12,3471.69,530.498,-1
6.9,2,0.792572,0.0364932,729.687
6.9,3,2.91418,0.134664,516.695
6.9,4,12.8729,0.644947,286.006
6.9,5,44.5296,3.08884,111.463
6.9,6,82.9696,6.69807,55.9261
6.9,7,154.593,13.8805,23.5807
6.9,8,288.044,28.7648,7.10291
6.9,9,536.698,59.6096,-1
6.9,10,1000,123.53,-1
6.9,11,1863.25,255.993,-1
6.9,12,3471.69,530.498,-1
6.92,2,0.792572,0.0364932,733.349
6.92,3,2.91418,0.134664,519.747
6.92,4,12.8729,0.644947,288.447
6.92,5,44.5296,3.08884,113.293
6.92,6,82.9696,6.69807,57.1467
6.92,7,154.593,13.8805,24.191
6.92,8,288.044,28.7648,7.7132
6.92,9,536.698,59.6096,-1
6.92,10,1000,123.53,-1
6.92,11,1863.25,255.993,-1
6.92,12,3471.69,530.498,-1
6.94,2,0.792572,0.0364932,737.01
6.94,3,2.91418,0.134664,523.409
6.94,4,12.8729,0.644947,290.888
6.94,5,44.5296,3.08884,115.124
6.94,6,82.9696,6.69807,57.757
6.94,7,154.593,13.8805,24.191
6.94,8,288.044,28.7648,7.7132
6.94,9,536.698,59.6096,-1
6.94,10,1000,123.53,-1
6.94,11,1863.25,255.993,-1
6.94,12,3471.69,530.498,-1
6.96,2,0.792572,0.0364932,741.282
6.96,3,2.91418,0.134664,527.07
6.96,4,12.8729,0.644947,293.939
6.96,5,44.5296,3.08884,116.955
6.96,6,82.9696,6.69807,58.9776
6.96,7,154.593,13.8805,24.8013
6.96,8,288.044,28.7648,8.32349
6.96,9,536.698,59.6096,-1
6.96,10,1000,123.53,-1
6.96,11,1863.25,255.993,-1
6.96,12,3471.69,530.498,-1
6.98,2,0.792572,0.0364932,744.944
6.98,3,2.91418,0.134664,530.732
6.98,4,12.8729,0.644947,296.991
6.98,5,44.5296,3.08884,118.176
6.98,6,82.9696,6.69807,59.5879
6.98,7,154.593,13.8805,25.4116
6.98,8,288.044,28.7648,8.32349
6.98,9,536.698,59.6096,-1
6.98,10,1000,123.53,-1
6.98,11,1863.25,255.993,-1
6.98,12,3471.69,530.498,-1
7,2,0.792572,0.0364932,748.606
7,3,2.91418,0.134664,534.394
7,4,12.8729,0.644947,300.042
7,5,44.5296,3.08884,120.007
7,6,82.9696,6.69807,60.8085
7,7,154.593,13.8805,26.0219
7,8,288.044,28.7648,8.32349
7,9,536.698,59.6096,-1
7,10,1000,123.53,-1
7,11,1863.25,255.993,-1
7,12,3471.69,530.498,-1
7.02,2,0.792572,0.0364932,752.878
7.02,3,2.91418,0.134664,538.056
7.02,4,12.8729,0.644947,302.484
7.02,5,44.5296,3.08884,122.448
7.02,6,82.9696,6.69807,62.0291
7.02,7,154.593,13.8805,26.0219
7.02,8,288.044,28.7648,8.32349
7.02,9,536.698,59.6096,-1
7.02,10,1000,123.53,-1
7.02,11,1863.25,255.993,-1
7.02,12,3471.69,530.498,-1
7.04,2,0.792572,0.0364932,756.54
7.04,3,2.91418,0.134664,541.107
7.04,4,12.8729,0.644947,305.535
7.04,5,44.5296,3.08884,123.668
7.04,6,82.9696,6.69807,63.2496
7.04,7,154.593,13.8805,26.6322
7.04,8,288.044,28.7648,8.93378
7.04,9,536.698,59.6096,-1
7.04,10,1000,123.53,-1
7.04,11,1863.25,255.993,-1
7.04,12,3471.69,530.498,-1
7.06,2,0.792572,0.0364932,760.201
7.06,3,2.91418,0.134664,544.769
7.06,4,12.8729,0.644947,308.586
7.06,5,44.5296,3.08884,125.499
7.06,6,82.9696,6.69807,63.8599
7.06,7,154.593,13.8805,27.2425
7.06,8,288.044,28.7648,8.93378
7.06,9,536.698,59.6096,-1
7.06,10,1000,123.53,-1
7.06,11,1863.25,255.993,-1
7.06,12,3471.69,530.498,-1
7.08,2,0.792572,0.0364932,763.863
7.08,3,2.91418,0.134664,548.431
7.08,4,12.8729,0.644947,311.638
7.08,5,44.5296,3.08884,127.33
7.08,6,82.9696,6.69807,65.6908
7.08,7,154.593,13.8805,27.8528
7.08,8,288.044,28.7648,8.93378
7.08,9,536.698,59.6096,-1
7.08,10,1000,123.53,-1
7.08,11,1863.25,255.993,-1
7.08,12,3471.69,530.498,-1
7.1,2,0.792572,0.0364932,768.135
7.1,3,2.91418,0.134664,551.482
7.1,4,12.8729,0.644947,314.079
7.1,5,44.5296,3.08884,129.161
7.1,6,82.9696,6.69807,66.3011
7.1,7,154.593,13.8805,28.4631
7.1,8,288.044,28.7648,8.93378
7.1,9,536.698,59.6096,-1
7.1,10,1000,123.53,-1
7.1,11,1863.25,255.993,-1
7.1,12,3471.69,530.498,-1
7.12,2,0.792572,0.0364932,771.797
7.12,3,2.91418,0.134664,555.144
7.12,4,12.8729,0.644947,317.13
7.12,5,44.5296,3.08884,131.602
7.12,6,82.9696,6.69807,67.5217
7.12,7,154.593,13.8805,28.4631
7.12,8,288.044,28.7648,8.93378
7.12,9,536.698,59.6096,-1
7.12,10,1000,123.53,-1
7.12,11,1863.25,255.993,-1
7.12,12,3471.69,530.498,-1
7.14,2,0.792572,0.0364932,775.459
7.14,3,2.91418,0.134664,558.806
7.14,4,12.8729,0.644947,320.182
7.14,5,44.5296,3.08884,132.823
7.14,6,82.9696,6.69807,68.7422
7.14,7,154.593,13.8805,29.6837
7.14,8,288.044,28.7648,9.54407
7.14,9,536.698,59.6096,-1
7.14,10,1000,123.53,-1
7.14,11,1863.25,255.993,-1
7.14,12,3471.69,530.498,-1
7.16,2,0.792572,0.0364932,779.12
7.16,3,2.91418,0.134664,561.857
7.16,4,12.8729,0.644947,323.233
7.16,5,44.5296,3.08884,134.654
7.16,6,82.9696,6.69807,69.3525
7.16,7,154.593,13.8805,29.6837
7.16,8,288.044,28.7648,9.54407
7.16,9,536.698,59.6096,-1
7.16,10,1000,123.53,-1
7.16,11,1863.25,255.993,-1
7.16,12,3471.69,530.498,-1
7.18,2,0.792572,0.0364932,783.392
7.18,3,2.91418,0.134664,565.519
7.18,4,12.8729,0.644947,326.285
7.18,5,44.5296,3.08884,136.484
7.18,6,82.9696,6.69807,70.5731
7.18,7,154.593,13.8805,30.2939
7.18,8,288.044,28.7648,10.1544
7.18,9,536.698,59.6096,-1
7.18,10,1000,123.53,-1
7.18,11,1863.25,255.993,-1
7.18,12,3471.69,530.498,-1
7.2,2,0.792572,0.0364932,786.444
7.2,3,2.91418,0.134664,569.18
7.2,4,12.8729,0.644947,328.726
7.2,5,44.5296,3.08884,138.315
7.2,6,82.9696,6.69807,71.7937
7.2,7,154.593,13.8805,31.5145
7.2,8,288.044,28.7648,10.1544
7.2,9,536.698,59.6096,-1
7.2,10,1000,123.53,-1
7.2,11,1863.25,255.993,-1
7.2,12,3471.69,530.498,-1
7.22,2,0.792572,0.0364932,790.106
7.22,3,2.91418,0.134664,572.842
7.22,4,12.8729,0.644947,331.777
7.22,5,44.5296,3.08884,140.757
7.22,6,82.9696,6.69807,73.0143
7.22,7,154.593,13.8805,31.5145
7.22,8,288.044,28.7648,10.1544
7.22,9,536.698,59.6096,-1
7.22,10,1000,123.53,-1
7.22,11,1863.25,255.993,-1
7.22,12,3471.69,530.498,-1
7.24,2,0.792572,0.0364932,793.767
7.24,3,2.91418,0.134664,576.504
7.24,4,12.8729,0.644947,334.829
7.24,5,44.5296,3.08884,141.977
7.24,6,82.9696,6.69807,74.2349
7.24,7,154.593,13.8805,32.1248
7.24,8,288.044,28.7648,10.7646
7.24,9,536.698,59.6096,-1
7.24,10,1000,123.53,-1
7.24,11,1863.25,255.993,-1
7.24,12,3471.69,530.498,-1
7.26,2,0.792572,0.0364932,797.429
7.26,3,2.91418,0.134664,579.555
7.26,4,12.8729,0.644947,337.88
7.26,5,44.5296,3.08884,144.418
7.26,6,82.9696,6.69807,75.4554
7.26,7,154.593,13.8805,32.7351
7.26,8,288.044,28.7648,10.7646
7.26,9,536.698,59.6096,-1
7.26,10,1000,123.53,-1
7.26,11,1863.25,255.993,-1
7.26,12,3471.69,530.498,-1
7.28,2,0.792572,0.0364932,801.701
7.28,3,2.91418,0.134664,582.607
7.28,4,12.8729,0.644947,340.322
7.28,5,44.5296,3.08884,146.249
7.28,6,82.9696,6.69807,76.676
7.28,7,154.593,13.8805,33.3454
7.28,8,288.044,28.7648,10.7646
7.28,9,536.698,59.6096,-1
7.28,10,1000,123.53,-1
7.28,11,1863.25,255.993,-1
7.28,12,3471.69,530.498,-1
7.3,2,0.792572,0.0364932,805.363
7.3,3,2.91418,0.134664,586.269
7.3,4,12.8729,0.644947,343.373
7.3,5,44.5296,3.08884,148.08
7.3,6,82.9696,6.69807,77.8966
7.3,7,154.593,13.8805,33.9557
7.3,8,288.044,28.7648,10.7646
7.3,9,536.698,59.6096,-1
7.3,10,1000,123.53,-1
7.3,11,1863.25,255.993,-1
7.3,12,3471.69,530.498,-1
7.32,2,0.792572,0.0364932,809.025
7.32,3,2.91418,0.134664,589.93
7.32,4,12.8729,0.644947,346.424
7.32,5,44.5296,3.08884,150.521
7.32,6,82.9696,6.69807,79.1172
7.32,7,154.593,13.8805,34.566
7.32,8,288.044,28.7648,10.7646
7.32,9,536.698,59.6096,-1
7.32,10,1000,123.53,-1
7.32,11,1863.25,255.993,-1
7.32,12,3471.69,530.498,-1
7.34,2,0.792572,0.0364932,812.686
7.34,3,2.91418,0.134664,592.982
7.34,4,12.8729,0.644947,349.476
7.34,5,44.5296,3.08884,151.742
7.34,6,82.9696,6.69807,80.9481
7.34,7,154.593,13.8805,35.1763
7.34,8,288.044,28.7648,11.3749
7.34,9,536.698,59.6096,-1
7.34,10,1000,123.53,-1
7.34,11,1863.25,255.993,-1
7.34,12,3471.69,530.498,-1
7.36,2,0.792572,0.0364932,816.348
7.36,3,2.91418,0.134664,596.644
7.36,4,12.8729,0.644947,352.527
7.36,5,44.5296,3.08884,154.183
7.36,6,82.9696,6.69807,81.5583
7.36,7,154.593,13.8805,35.7866
7.36,8,288.044,28.7648,11.3749
7.36,9,536.698,59.6096,-1
7.36,10,1000,123.53,-1
7.36,11,1863.25,255.993,-1
7.36,12,3471.69,530.498,-1
7.38,2,0.792572,0.0364932,820.01
7.38,3,2.91418,0.134664,600.305
7.38,4,12.8729,0.644947,354.969
7.38,5,44.5296,3.08884,156.014
7.38,6,82.9696,6.69807,83.3892
7.38,7,154.593,13.8805,36.3969
7.38,8,288.044,28.7648,11.9852
7.38,9,536.698,59.6096,-1
7.38,10,1000,123.53,-1
7.38,11,1863.25,255.993,-1
7.38,12,3471.69,530.498,-1
7.4,2,0.792572,0.0364932,823.672
7.4,3,2.91418,0.134664,603.967
7.4,4,12.8729,0.644947,358.02
7.4,5,44.5296,3.08884,157.845
7.4,6,82.9696,6.69807,83.9995
7.4,7,154.593,13.8805,37.6174
7.4,8,288.044,28.7648,11.9852
7.4,9,536.698,59.6096,-1
7.4,10,1000,123.53,-1
7.4,11,1863.25,255.993,-1
7.4,12,3471.69,530.498,-1
7.42,2,0.792572,0.0364932,827.333
7.42,3,2.91418,0.134664,607.018
7.42,4,12.8729,0.644947,361.071
7.42,5,44.5296,3.08884,160.286
7.42,6,82.9696,6.69807,85.8304
7.42,7,154.593,13.8805,37.6174
7.42,8,288.044,28.7648,12.5955
7.42,9,536.698,59.6096,-1
7.42,10,1000,123.53,-1
7.42,11,1863.25,255.993,-1
7.42,12,3471.69,530.498,-1
7.44,2,0.792572,0.0364932,830.995
7.44,3,2.91418,0.134664,610.68
7.44,4,12.8729,0.644947,364.123
7.44,5,44.5296,3.08884,162.117
7.44,6,82.9696,6.69807,87.6613
7.44,7,154.593,13.8805,38.2277
7.44,8,288.044,28.7648,12.5955
7.44,9,536.698,59.6096,-1
7.44,10,1000,123.53,-1
7.44,11,1863.25,255.993,-1
7.44,12,3471.69,530.498,-1
7.46,2,0.792572,0.0364932,834.657
7.46,3,2.91418,0.134664,614.342
7.46,4,12.8729,0.644947,367.174
7.46,5,44.5296,3.08884,163.948
7.46,6,82.9696,6.69807,88.2715
7.46,7,154.593,13.8805,39.4483
7.46,8,288.044,28.7648,12.5955
7.46,9,536.698,59.6096,-1
7.46,10,1000,123.53,-1
7.46,11,1863.25,255.993,-1
7.46,12,3471.69,530.498,-1
7.48,2,0.792572,0.0364932,838.319
7.48,3,2.91418,0.134664,616.783
7.48,4,12.8729,0.644947,369.615
7.48,5,44.5296,3.08884,166.389
7.48,6,82.9696,6.69807,90.1024
7.48,7,154.593,13.8805,40.0586
7.48,8,288.044,28.7648,13.2058
7.48,9,536.698,59.6096,-1
7.48,10,1000,123.53,-1
7.48,11,1863.25,255.993,-1
7.48,12,3471.69,530.498,-1
7.5,2,0.792572,0.0364932,841.98
7.5,3,2.91418,0.134664,620.445
7.5,4,12.8729,0.644947,372.667
7.5,5,44.5296,3.08884,168.83
7.5,6,82.9696,6.69807,91.323
7.5,7,154.593,13.8805,41.2792
7.5,8,288.044,28.7648,13.2058
7.5,9,536.698,59.6096,-1
7.5,10,1000,123.53,-1
7.5,11,1863.25,255.993,-1
7.5,12,3471.69,530.498,-1
7.52,2,0.792572,0.0364932,845.642
7.52,3,2.91418,0.134664,624.107
7.52,4,12.8729,0.644947,375.718
7.52,5,44.5296,3.08884,170.05
7.52,6,82.9696,6.69807,93.1539
7.52,7,154.593,13.8805,41.2792
7.52,8,288.044,28.7648,13.2058
7.52,9,536.698,59.6096,-1
7.52,10,1000,123.53,-1
7.52,11,1863.25,255.993,-1
7.52,12,3471.69,530.498,-1
7.54,2,0.792572,0.0364932,849.304
7.54,3,2.91418,0.134664,627.158
7.54,4,12.8729,0.644947,378.77
7.54,5,44.5296,3.08884,172.492
7.54,6,82.9696,6.69807,93.7642
7.54,7,154.593,13.8805,41.8895
7.54,8,288.044,28.7648,13.8161
7.54,9,536.698,59.6096,-1
7.54,10,1000,123.53,-1
7.54,11,1863.25,255.993,-1
7.54,12,3471.69,530.498,-1
7.56,2,0.792572,0.0364932,852.966
7.56,3,2.91418,0.134664,630.82
7.56,4,12.8729,0.644947,381.821
7.56,5,44.5296,3.08884,174.933
7.56,6,82.9696,6.69807,95.595
7.56,7,154.593,13.8805,43.11
7.56,8,288.044,28.7648,14.4264
7.56,9,536.698,59.6096,-1
7.56,10,1000,123.53,-1
7.56,11,1863.25,255.993,-1
7.56,12,3471.69,530.498,-1
7.58,2,0.792572,0.0364932,856.627
7.58,3,2.91418,0.134664,633.871
7.58,4,12.8729,0.644947,384.262
7.58,5,44.5296,3.08884,176.764
7.58,6,82.9696,6.69807,96.8156
7.58,7,154.593,13.8805,43.7203
7.58,8,288.044,28.7648,14.4264
7.58,9,536.698,59.6096,-1
7.58,10,1000,123.53,-1
7.58,11,1863.25,255.993,-1
7.58,12,3471.69,530.498,-1
7.6,2,0.792572,0.0364932,860.289
7.6,3,2.91418,0.134664,637.533
7.6,4,12.8729,0.644947,387.314
7.6,5,44.5296,3.08884,178.595
7.6,6,82.9696,6.69807,98.6465
7.6,7,154.593,13.8805,44.3306
7.6,8,288.044,28.7648,14.4264
7.6,9,536.698,59.6096,-1
7.6,10,1000,123.53,-1
7.6,11,1863.25,255.993,-1
7.6,12,3471.69,530.498,-1
7.62,2,0.792572,0.0364932,863.951
7.62,3,2.91418,0.134664,641.195
7.62,4,12.8729,0.644947,390.365
7.62,5,44.5296,3.08884,181.036
7.62,6,82.9696,6.69807,99.8671
7.62,7,154.593,13.8805,45.5512
7.62,8,288.044,28.7648,15.0367
7.62,9,536.698,59.6096,-1
7.62,10,1000,123.53,-1
7.62,11,1863.25,255.993,-1
7.62,12,3471.69,530.498,-1
7.64,2,0.792572,0.0364932,867.613
7.64,3,2.91418,0.134664,644.246
7.64,4,12.8729,0.644947,393.417
7.64,5,44.5296,3.08884,182.867
7.64,6,82.9696,6.69807,101.698
7.64,7,154.593,13.8805,46.1615
7.64,8,288.044,28.7648,15.0367
7.64,9,536.698,59.6096,-1
7.64,10,1000,123.53,-1
7.64,11,1863.25,255.993,-1
7.64,12,3471.69,530.498,-1
7.66,2,0.792572,0.0364932,871.274
7.66,3,2.91418,0.134664,647.908
7.66,4,12.8729,0.644947,396.468
7.66,5,44.5296,3.08884,185.308
7.66,6,82.9696,6.69807,102.919
7.66,7,154.593,13.8805,47.3821
7.66,8,288.044,28.7648,15.0367
7.66,9,536.698,59.6096,-1
7.66,10,1000,123.53,-1
7.66,11,1863.25,255.993,-1
7.66,12,3471.69,530.498,-1
7.68,2,0.792572,0.0364932,874.936
7.68,3,2.91418,0.134664,650.959
7.68,4,12.8729,0.644947,399.52
7.68,5,44.5296,3.08884,187.139
7.68,6,82.9696,6.69807,104.139
7.68,7,154.593,13.8805,47.9924
7.68,8,288.044,28.7648,16.2573
7.68,9,536.698,59.6096,-1
7.68,10,1000,123.53,-1
7.68,11,1863.25,255.993,-1
7.68,12,3471.69,530.498,-1
7.7,2,0.792572,0.0364932,877.987
7.7,3,2.91418,0.134664,654.621
7.7,4,12.8729,0.644947,401.961
7.7,5,44.5296,3.08884,188.969
7.7,6,82.9696,6.69807,105.97
7.7,7,154.593,13.8805,48.6027
7.7,8,288.044,28.7648,16.2573
7.7,9,536.698,59.6096,-1
7.7,10,1000,123.53,-1
7.7,11,1863.25,255.993,-1
7.7,12,3471.69,530.498,-1
7.72,2,0.792572,0.0364932,881.649
7.72,3,2.91418,0.134664,657.062
7.72,4,12.8729,0.644947,405.012
7.72,5,44.5296,3.08884,191.411
7.72,6,82.9696,6.69807,107.191
7.72,7,154.593,13.8805,49.8232
7.72,8,288.044,28.7648,16.2573
7.72,9,536.698,59.6096,-1
7.72,10,1000,123.53,-1
7.72,11,1863.25,255.993,-1
7.72,12,3471.69,530.498,-1
7.74,2,0.792572,0.0364932,885.311
7.74,3,2.91418,0.134664,660.724
7.74,4,12.8729,0.644947,408.064
7.74,5,44.5296,3.08884,193.852
7.74,6,82.9696,6.69807,109.021
7.74,7,154.593,13.8805,50.4335
7.74,8,288.044,28.7648,16.8676
7.74,9,536.698,59.6096,-1
7.74,10,1000,123.53,-1
7.74,11,1863.25,255.993,-1
7.74,12,3471.69,530.498,-1
7.76,2,0.792572,0.0364932,888.973
7.76,3,2.91418,0.134664,663.776
7.76,4,12.8729,0.644947,411.115
7.76,5,44.5296,3.08884,195.683
7.76,6,82.9696,6.69807,110.242
7.76,7,154.593,13.8805,51.6541
7.76,8,288.044,28.7648,16.8676
7.76,9,536.698,59.6096,-1
7.76,10,1000,123.53,-1
7.76,11,1863.25,255.993,-1
7.76,12,3471.69,530.498,-1
7.78,2,0.792572,0.0364932,892.634
7.78,3,2.91418,0.134664,667.437
7.78,4,12.8729,0.644947,414.167
7.78,5,44.5296,3.08884,198.124
7.78,6,82.9696,6.69807,112.073
7.78,7,154.593,13.8805,52.2644
7.78,8,288.044,28.7648,16.8676
7.78,9,536.698,59.6096,-1
7.78,10,1000,123.53,-1
7.78,11,1863.25,255.993,-1
7.78,12,3471.69,530.498,-1
7.8,2,0.792572,0.0364932,895.686
7.8,3,2.91418,0.134664,670.489
7.8,4,12.8729,0.644947,417.218
7.8,5,44.5296,3.08884,199.955
7.8,6,82.9696,6.69807,113.904
7.8,7,154.593,13.8805,52.8747
7.8,8,288.044,28.7648,18.0881
7.8,9,536.698,59.6096,-1
7.8,10,1000,123.53,-1
7.8,11,1863.25,255.993,-1
7.8,12,3471.69,530.498,-1
7.82,2,0.792572,0.0364932,899.348
7.82,3,2.91418,0.134664,674.15
7.82,4,12.8729,0.644947,419.049
7.82,5,44.5296,3.08884,201.786
7.82,6,82.9696,6.69807,115.124
7.82,7,154.593,13.8805,54.0953
7.82,8,288.044,28.7648,18.0881
7.82,9,536.698,59.6096,-1
7.82,10,1000,123.53,-1
7.82,11,1863.25,255.993,-1
7.82,12,3471.69,530.498,-1
7.84,2,0.792572,0.0364932,903.009
7.84,3,2.91418,0.134664,677.202
7.84,4,12.8729,0.644947,422.1
7.84,5,44.5296,3.08884,204.227
7.84,6,82.9696,6.69807,116.955
7.84,7,154.593,13.8805,54.7056
7.84,8,288.044,28.7648,18.6984
7.84,9,536.698,59.6096,-1
7.84,10,1000,123.53,-1
7.84,11,1863.25,255.993,-1
7.84,12,3471.69,530.498,-1
7.86,2,0.792572,0.0364932,906.671
7.86,3,2.91418,0.134664,680.864
7.86,4,12.8729,0.644947,425.152
7.86,5,44.5296,3.08884,206.668
7.86,6,82.9696,6.69807,118.176
7.86,7,154.593,13.8805,55.9261
7.86,8,288.044,28.7648,18.6984
7.86,9,536.698,59.6096,-1
7.86,10,1000,123.53,-1
7.86,11,1863.25,255.993,-1
7.86,12,3471.69,530.498,-1
7.88,2,0.792572,0.0364932,909.723
7.88,3,2.91418,0.134664,683.915
7.88,4,12.8729,0.644947,428.203
7.88,5,44.5296,3.08884,209.109
7.88,6,82.9696,6.69807,120.007
7.88,7,154.593,13.8805,56.5364
7.88,8,288.044,28.7648,18.6984
7.88,9,536.698,59.6096,-1
7.88,10,1000,123.53,-1
7.88,11,1863.25,255.993,-1
7.88,12,3471.69,530.498,-1
7.9,2,0.792572,0.0364932,913.384
7.9,3,2.91418,0.134664,686.967
7.9,4,12.8729,0.644947,431.255
7.9,5,44.5296,3.08884,210.94
7.9,6,82.9696,6.69807,121.838
7.9,7,154.593,13.8805,57.757
7.9,8,288.044,28.7648,19.919
7.9,9,536.698,59.6096,-1
7.9,10,1000,123.53,-1
7.9,11,1863.25,255.993,-1
7.9,12,3471.69,530.498,-1
7.92,2,0.792572,0.0364932,917.046
7.92,3,2.91418,0.134664,690.628
7.92,4,12.8729,0.644947,434.306
7.92,5,44.5296,3.08884,213.381
7.92,6,82.9696,6.69807,123.058
7.92,7,154.593,13.8805,58.3673
7.92,8,288.044,28.7648,19.919
7.92,9,536.698,59.6096,-1
7.92,10,1000,123.53,-1
7.92,11,1863.25,255.993,-1
7.92,12,3471.69,530.498,-1
7.94,2,0.792572,0.0364932,920.098
7.94,3,2.91418,0.134664,693.68
7.94,4,12.8729,0.644947,436.747
7.94,5,44.5296,3.08884,215.212
7.94,6,82.9696,6.69807,124.889
7.94,7,154.593,13.8805,59.5879
7.94,8,288.044,28.7648,20.5293
7.94,9,536.698,59.6096,-1
7.94,10,1000,123.53,-1
7.94,11,1863.25,255.993,-1
7.94,12,3471.69,530.498,-1
7.96,2,0.792572,0.0364932,923.759
7.96,3,2.91418,0.134664,697.341
7.96,4,12.8729,0.644947,439.799
7.96,5,44.5296,3.08884,217.043
7.96,6,82.9696,6.69807,126.11
7.96,7,154.593,13.8805,60.8085
7.96,8,288.044,28.7648,20.5293
7.96,9,536.698,59.6096,-1
7.96,10,1000,123.53,-1
7.96,11,1863.25,255.993,-1
7.96,12,3471.69,530.498,-1
7.98,2,0.792572,0.0364932,927.421
7.98,3,2.91418,0.134664,700.393
7.98,4,12.8729,0.644947,442.24
7.98,5,44.5296,3.08884,219.484
7.98,6,82.9696,6.69807,128.551
7.98,7,154.593,13.8805,61.4188
7.98,8,288.044,28.7648,20.5293
7.98,9,536.698,59.6096,-1
7.98,10,1000,123.53,-1
7.98,11,1863.25,255.993,-1
7.98,12,3471.69,530.498,-1
8,2,0.792572,0.0364932,930.472
8,3,2.91418,0.134664,703.444
8,4,12.8729,0.644947,445.292
8,5,44.5296,3.08884,221.925
8,6,82.9696,6.69807,130.382
8,7,154.593,13.8805,62.6393
8,8,288.044,28.7648,21.7499
8,9,536.698,59.6096,-1
8,10,1000,123.53,-1
8,11,1863.25,255.993,-1
8,12,3471.69,530.498,-1
8.02,2,0.792572,0.0364932,934.134
8.02,3,2.91418,0.134664,706.496
8.02,4,12.8729,0.644947,448.343
8.02,5,44.5296,3.08884,224.366
8.02,6,82.9696,6.69807,131.602
8.02,7,154.593,13.8805,63.2496
8.02,8,288.044,28.7648,21.7499
8.02,9,536.698,59.6096,-1
8.02,10,1000,123.53,-1
8.02,11,1863.25,255.993,-1
8.02,12,3471.69,530.498,-1
8.04,2,0.792572,0.0364932,937.186
8.04,3,2.91418,0.134664,709.547
8.04,4,12.8729,0.644947,451.394
8.04,5,44.5296,3.08884,226.197
8.04,6,82.9696,6.69807,133.433
8.04,7,154.593,13.8805,65.0805
8.04,8,288.044,28.7648,22.3602
8.04,9,536.698,59.6096,-1
8.04,10,1000,123.53,-1
8.04,11,1863.25,255.993,-1
8.04,12,3471.69,530.498,-1
8.06,2,0.792572,0.0364932,940.847
8.06,3,2.91418,0.134664,712.599
8.06,4,12.8729,0.644947,454.446
8.06,5,44.5296,3.08884,228.638
8.06,6,82.9696,6.69807,134.654
8.06,7,154.593,13.8805,65.6908
8.06,8,288.044,28.7648,22.3602
8.06,9,536.698,59.6096,-1
8.06,10,1000,123.53,-1
8.06,11,1863.25,255.993,-1
8.06,12,3471.69,530.498,-1
8.08,2,0.792572,0.0364932,943.899
8.08,3,2.91418,0.134664,715.65
8.08,4,12.8729,0.644947,456.277
8.08,5,44.5296,3.08884,231.08
8.08,6,82.9696,6.69807,136.484
8.08,7,154.593,13.8805,66.9114
8.08,8,288.044,28.7648,23.5807
8.08,9,536.698,59.6096,-1
8.08,10,1000,123.53,-1
8.08,11,1863.25,255.993,-1
8.08,12,3471.69,530.498,-1
8.1,2,0.792572,0.0364932,947.561
8.1,3,2.91418,0.134664,719.312
8.1,4,12.8729,0.644947,459.328
8.1,5,44.5296,3.08884,233.521
8.1,6,82.9696,6.69807,138.315
8.1,7,154.593,13.8805,67.5217
8.1,8,288.044,28.7648,23.5807
8.1,9,536.698,59.6096,-1
8.1,10,1000,123.53,-1
8.1,11,1863.25,255.993,-1
8.1,12,3471.69,530.498,-1
8.12,2,0.792572,0.0364932,950.612
8.12,3,2.91418,0.134664,722.363
8.12,4,12.8729,0.644947,462.38
8.12,5,44.5296,3.08884,234.741
8.12,6,82.9696,6.69807,139.536
8.12,7,154.593,13.8805,69.3525
8.12,8,288.044,28.7648,24.191
8.12,9,536.698,59.6096,-1
8.12,10,1000,123.53,-1
8.12,11,1863.25,255.993,-1
8.12,12,3471.69,530.498,-1
8.14,2,0.792572,0.0364932,954.274
8.14,3,2.91418,0.134664,725.415
8.14,4,12.8729,0.644947,465.431
8.14,5,44.5296,3.08884,237.182
8.14,6,82.9696,6.69807,141.977
8.14,7,154.593,13.8805,69.9628
8.14,8,288.044,28.7648,24.191
8.14,9,536.698,59.6096,-1
8.14,10,1000,123.53,-1
8.14,11,1863.25,255.993,-1
8.14,12,3471.69,530.498,-1
8.16,2,0.792572,0.0364932,957.325
8.16,3,2.91418,0.134664,728.466
8.16,4,12.8729,0.644947,467.872
8.16,5,44.5296,3.08884,239.624
8.16,6,82.9696,6.69807,143.808
8.16,7,154.593,13.8805,71.1834
8.16,8,288.044,28.7648,24.8013
8.16,9,536.698,59.6096,-1
8.16,10,1000,123.53,-1
8.16,11,1863.25,255.993,-1
8.16,12,3471.69,530.498,-1
8.18,2,0.792572,0.0364932,960.987
8.18,3,2.91418,0.134664,732.128
8.18,4,12.8729,0.644947,470.924
8.18,5,44.5296,3.08884,242.065
8.18,6,82.9696,6.69807,145.029
8.18,7,154.593,13.8805,71.7937
8.18,8,288.044,28.7648,25.4116
8.18,9,536.698,59.6096,-1
8.18,10,1000,123.53,-1
8.18,11,1863.25,255.993,-1
8.18,12,3471.69,530.498,-1
8.2,2,0.792572,0.0364932,964.038
8.2,3,2.91418,0.134664,735.18
8.2,4,12.8729,0.644947,473.975
8.2,5,44.5296,3.08884,243.896
8.2,6,82.9696,6.69807,146.859
8.2,7,154.593,13.8805,73.6246
8.2,8,288.044,28.7648,26.0219
8.2,9,536.698,59.6096,-1
8.2,10,1000,123.53,-1
8.2,11,1863.25,255.993,-1
8.2,12,3471.69,530.498,-1
8.22,2,0.792572,0.0364932,967.7
8.22,3,2.91418,0.134664,738.231
8.22,4,12.8729,0.644947,476.416
8.22,5,44.5296,3.08884,246.337
8.22,6,82.9696,6.69807,148.69
8.22,7,154.593,13.8805,74.2349
8.22,8,288.044,28.7648,26.0219
8.22,9,536.698,59.6096,-1
8.22,10,1000,123.53,-1
8.22,11,1863.25,255.993,-1
8.22,12,3471.69,530.498,-1
8.24,2,0.792572,0.0364932,970.752
8.24,3,2.91418,0.134664,741.282
8.24,4,12.8729,0.644947,478.857
8.24,5,44.5296,3.08884,248.778
8.24,6,82.9696,6.69807,150.521
8.24,7,154.593,13.8805,76.0657
8.24,8,288.044,28.7648,27.2425
8.24,9,536.698,59.6096,-1
8.24,10,1000,123.53,-1
8.24,11,1863.25,255.993,-1
8.24,12,3471.69,530.498,-1
8.26,2,0.792572,0.0364932,973.803
8.26,3,2.91418,0.134664,744.334
8.26,4,12.8729,0.644947,481.909
8.26,5,44.5296,3.08884,251.219
8.26,6,82.9696,6.69807,152.352
8.26,7,154.593,13.8805,76.676
8.26,8,288.044,28.7648,27.2425
8.26,9,536.698,59.6096,-1
8.26,10,1000,123.53,-1
8.26,11,1863.25,255.993,-1
8.26,12,3471.69,530.498,-1
8.28,2,0.792572,0.0364932,977.465
8.28,3,2.91418,0.134664,747.385
8.28,4,12.8729,0.644947,484.96
8.28,5,44.5296,3.08884,253.05
8.28,6,82.9696,6.69807,154.183
8.28,7,154.593,13.8805,77.8966
8.28,8,288.044,28.7648,27.8528
8.28,9,536.698,59.6096,-1
8.28,10,1000,123.53,-1
8.28,11,1863.25,255.993,-1
8.28,12,3471.69,530.498,-1
8.3,2,0.792572,0.0364932,980.516
8.3,3,2.91418,0.134664,750.437
8.3,4,12.8729,0.644947,487.402
8.3,5,44.5296,3.08884,255.491
8.3,6,82.9696,6.69807,155.404
8.3,7,154.593,13.8805,79.1172
8.3,8,288.044,28.7648,27.8528
8.3,9,536.698,59.6096,-1
8.3,10,1000,123.53,-1
8.3,11,1863.25,255.993,-1
8.3,12,3471.69,530.498,-1
8.32,2,0.792572,0.0364932,983.568
8.32,3,2.91418,0.134664,753.488
8.32,4,12.8729,0.644947,490.453
8.32,5,44.5296,3.08884,257.322
8.32,6,82.9696,6.69807,157.845
8.32,7,154.593,13.8805,80.3378
8.32,8,288.044,28.7648,29.0734
8.32,9,536.698,59.6096,-1
8.32,10,1000,123.53,-1
8.32,11,1863.25,255.993,-1
8.32,12,3471.69,530.498,-1
8.34,2,0.792572,0.0364932,987.229
8.34,3,2.91418,0.134664,756.54
8.34,4,12.8729,0.644947,493.504
8.34,5,44.5296,3.08884,259.763
8.34,6,82.9696,6.69807,159.676
8.34,7,154.593,13.8805,80.9481
8.34,8,288.044,28.7648,29.6837
8.34,9,536.698,59.6096,-1
8.34,10,1000,123.53,-1
8.34,11,1863.25,255.993,-1
8.34,12,3471.69,530.498,-1
8.36,2,0.792572,0.0364932,990.281
8.36,3,2.91418,0.134664,760.201
8.36,4,12.8729,0.644947,495.946
8.36,5,44.5296,3.08884,261.594
8.36,6,82.9696,6.69807,160.896
8.36,7,154.593,13.8805,82.7789
8.36,8,288.044,28.7648,29.6837
8.36,9,536.698,59.6096,-1
8.36,10,1000,123.53,-1
8.36,11,1863.25,255.993,-1
8.36,12,3471.69,530.498,-1
8.38,2,0.792572,0.0364932,993.332
8.38,3,2.91418,0.134664,763.253
8.38,4,12.8729,0.644947,498.387
8.38,5,44.5296,3.08884,264.035
8.38,6,82.9696,6.69807,162.727
8.38,7,154.593,13.8805,83.3892
8.38,8,288.044,28.7648,30.9042
8.38,9,536.698,59.6096,-1
8.38,10,1000,123.53,-1
8.38,11,1863.25,255.993,-1
8.38,12,3471.69,530.498,-1
8.4,2,0.792572,0.0364932,996.384
8.4,3,2.91418,0.134664,766.304
8.4,4,12.8729,0.644947,501.438
8.4,5,44.5296,3.08884,266.476
8.4,6,82.9696,6.69807,164.558
8.4,7,154.593,13.8805,85.2201
8.4,8,288.044,28.7648,30.9042
8.4,9,536.698,59.6096,-1
8.4,10,1000,123.53,-1
8.4,11,1863.25,255.993,-1
8.4,12,3471.69,530.498,-1
8.42,2,0.792572,0.0364932,1000.05
8.42,3,2.91418,0.134664,769.356
8.42,4,12.8729,0.644947,503.879
8.42,5,44.5296,3.08884,268.918
8.42,6,82.9696,6.69807,166.389
8.42,7,154.593,13.8805,86.4407
8.42,8,288.044,28.7648,31.5145
8.42,9,536.698,59.6096,-1
8.42,10,1000,123.53,-1
8.42,11,1863.25,255.993,-1
8.42,12,3471.69,530.498,-1
8.44,2,0.792572,0.0364932,1003.1
8.44,3,2.91418,0.134664,772.407
8.44,4,12.8729,0.644947,506.931
8.44,5,44.5296,3.08884,270.748
8.44,6,82.9696,6.69807,168.22
8.44,7,154.593,13.8805,87.6613
8.44,8,288.044,28.7648,32.7351
8.44,9,536.698,59.6096,-1
8.44,10,1000,123.53,-1
8.44,11,1863.25,255.993,-1
8.44,12,3471.69,530.498,-1
8.46,2,0.792572,0.0364932,1006.15
8.46,3,2.91418,0.134664,774.848
8.46,4,12.8729,0.644947,509.372
8.46,5,44.5296,3.08884,272.579
8.46,6,82.9696,6.69807,170.05
8.46,7,154.593,13.8805,88.8818
8.46,8,288.044,28.7648,32.7351
8.46,9,536.698,59.6096,-1
8.46,10,1000,123.53,-1
8.46,11,1863.25,255.993,-1
8.46,12,3471.69,530.498,-1
8.48,2,0.792572,0.0364932,1009.2
8.48,3,2.91418,0.134664,777.9
8.48,4,12.8729,0.644947,512.423
8.48,5,44.5296,3.08884,275.02
8.48,6,82.9696,6.69807,171.271
8.48,7,154.593,13.8805,89.4921
8.48,8,288.044,28.7648,33.3454
8.48,9,536.698,59.6096,-1
8.48,10,1000,123.53,-1
8.48,11,1863.25,255.993,-1
8.48,12,3471.69,530.498,-1
8.5,2,0.792572,0.0364932,1012.25
8.5,3,2.91418,0.134664,780.951
8.5,4,12.8729,0.644947,514.865
8.5,5,44.5296,3.08884,277.462
8.5,6,82.9696,6.69807,173.712
8.5,7,154.593,13.8805,91.323
8.5,8,288.044,28.7648,34.566
8.5,9,536.698,59.6096,-1
8.5,10,1000,123.53,-1
8.5,11,1863.25,255.993,-1
8.5,12,3471.69,530.498,-1